Type_of_change,Image_path,True_label,Prediction,Scores,Confidence
spanish,data/test/drawing/LCE-1901-07-31-a-i0023.jpg,0,0,13.982691,0.91782516
spanish,data/test/drawing/GDL-1956-06-30-a-i0255_6.jpg,0,0,16.597252,0.9833656
spanish,data/test/drawing/LCE-1908-08-12-a-i0050.jpg,0,0,12.118767,0.8068123
spanish,data/test/drawing/IMP-1910-05-01-a-i0094_10.jpg,0,0,10.7093935,0.71327347
spanish,data/test/drawing/EXP-1986-07-04-a-i0361.jpg,0,4,13.419388,0.91391087
spanish,data/test/drawing/IMP-1949-09-30-a-i0010.jpg,0,4,11.35935,0.5455811
spanish,data/test/drawing/LCE-1915-12-25-a-i0042.jpg,0,0,11.965242,0.6768205
spanish,data/test/drawing/EXP-1972-12-02-a-i0308.jpg,0,3,9.295281,0.7385934
spanish,data/test/drawing/JDG-1904-10-21-a-i0066.jpg,0,0,12.173059,0.7912493
spanish,data/test/drawing/EXP-1957-12-06-a-i0008.jpg,0,0,13.415991,0.99120027
spanish,data/test/drawing/JDG-1978-10-23-a-i0020.jpg,0,0,12.760952,0.80103445
spanish,data/test/drawing/IMP-1946-02-01-a-i0084.jpg,0,0,11.387997,0.96785617
spanish,data/test/drawing/JDG-1958-02-15-a-i0052_2.jpg,0,0,8.983107,0.6528403
spanish,data/test/drawing/IMP-1955-01-31-a-i0053.jpg,0,4,13.581186,0.8314772
spanish,data/test/drawing/IMP-1992-02-10-a-i0160.jpg,0,4,11.965202,0.9727409
spanish,data/test/drawing/GDL-1951-10-24-a-i0014.jpg,0,3,17.911135,0.99719465
spanish,data/test/drawing/EXP-1914-02-11-a-i0087.jpg,0,0,13.449208,0.90814626
spanish,data/test/drawing/IMP-1980-02-04-a-i0078_3.jpg,0,7,10.021108,0.72880524
spanish,data/test/drawing/IMP-1930-02-27-a-i0033.jpg,0,0,12.607168,0.8636185
spanish,data/test/drawing/IMP-1913-11-22-a-i0062.jpg,0,0,8.539699,0.73677254
spanish,data/test/drawing/IMP-1920-03-19-a-i0002.jpg,0,7,9.604399,0.47811347
spanish,data/test/drawing/IMP-1911-01-14-a-i0027.jpg,0,4,12.788006,0.7664498
spanish,data/test/drawing/JDG-1971-07-24-a-i0130.jpg,0,0,6.7742195,0.5343893
spanish,data/test/drawing/EXP-1974-04-25-a-i0418.jpg,0,0,10.573864,0.77494955
spanish,data/test/drawing/IMP-1989-08-28-a-i0011.jpg,0,4,10.517857,0.87334067
spanish,data/test/drawing/IMP-1958-03-19-a-i0167.jpg,0,0,9.948093,0.9165173
spanish,data/test/drawing/GDL-1949-09-03-a-i0216.jpg,0,2,10.000207,0.38943076
spanish,data/test/drawing/EXP-1990-11-26-a-i0245.jpg,0,0,8.5461235,0.5526246
spanish,data/test/drawing/IMP-2000-09-15-a-i0197_3.jpg,0,4,10.67925,0.6502477
spanish,data/test/drawing/LCE-1919-05-03-a-i0022.jpg,0,0,10.062284,0.7980152
spanish,data/test/drawing/IMP-1976-01-24-a-i0073.jpg,0,0,11.212974,0.5200722
spanish,data/test/drawing/LCE-1908-02-29-a-i0040.jpg,0,3,10.09616,0.637805
spanish,data/test/drawing/GDL-1966-04-22-a-i0067.jpg,0,0,13.687881,0.969205
spanish,data/test/drawing/LCE-1992-06-12-a-i0032.jpg,0,0,10.320047,0.89821494
spanish,data/test/drawing/IMP-1955-08-01-a-i0038.jpg,0,4,11.75108,0.65782154
spanish,data/test/drawing/GDL-1900-03-08-a-i0026.jpg,0,0,14.363068,0.8450634
spanish,data/test/drawing/EXP-1988-07-13-a-i0007.jpg,0,7,10.093167,0.7010897
spanish,data/test/drawing/EXP-1959-06-19-a-i0106_3.jpg,0,0,8.638601,0.38661623
spanish,data/test/drawing/EXP-1973-09-01-a-i0451_4.jpg,0,0,11.790588,0.9413185
spanish,data/test/drawing/EXP-1994-10-24-a-i0110.jpg,0,4,10.415124,0.51590115
spanish,data/test/drawing/JDG-1955-02-10-a-i0014.jpg,0,0,13.588959,0.97380775
spanish,data/test/drawing/IMP-1904-04-09-a-i0002_3.jpg,0,2,14.641577,0.8181919
spanish,data/test/drawing/GDL-1959-02-03-a-i0097_2.jpg,0,4,13.512085,0.9008877
spanish,data/test/drawing/EXP-1972-07-08-a-i0361_3.jpg,0,0,10.699224,0.9150803
spanish,data/test/drawing/IMP-1983-10-03-a-i0220.jpg,0,4,11.135111,0.41564423
spanish,data/test/drawing/EXP-1950-01-28-a-i0233.jpg,0,5,13.663784,0.9943152
spanish,data/test/drawing/LCE-1952-09-22-a-i0041_2.jpg,0,4,9.789447,0.66744745
spanish,data/test/drawing/JDG-1992-04-25-a-i0255_3.jpg,0,0,12.343372,0.6590746
spanish,data/test/drawing/JDG-1956-12-12-a-i0230_2.jpg,0,0,9.650297,0.39766794
spanish,data/test/drawing/IMP-1989-05-31-a-i0100.jpg,0,0,13.681732,0.9938818
spanish,data/test/drawing/JDG-1994-06-10-a-i0250.jpg,0,3,14.25601,0.99765104
spanish,data/test/drawing/EXP-1974-05-25-a-i0325_8.jpg,0,0,9.554574,0.71800876
spanish,data/test/drawing/IMP-1981-02-18-a-i0085_13.jpg,0,0,11.71764,0.9693003
spanish,data/test/drawing/EXP-1906-03-31-a-i0134.jpg,0,0,9.502662,0.38989326
spanish,data/test/drawing/IMP-1923-12-21-a-i0030.jpg,0,2,12.025118,0.86504924
spanish,data/test/drawing/IMP-1951-08-20-a-i0080.jpg,0,4,10.547941,0.6289735
spanish,data/test/drawing/IMP-1981-02-18-a-i0085_4.jpg,0,0,12.4758415,0.76728445
spanish,data/test/drawing/EXP-1979-08-17-a-i0337.jpg,0,2,9.469091,0.50869906
spanish,data/test/drawing/EXP-1974-05-25-a-i0325_4.jpg,0,0,11.294748,0.96988994
spanish,data/test/drawing/IMP-1981-02-18-a-i0085_5.jpg,0,0,9.655229,0.9750289
spanish,data/test/drawing/GDL-1979-06-15-a-i0026_2.jpg,0,0,15.720655,0.9991027
spanish,data/test/drawing/JDG-1966-05-31-a-i0021.jpg,0,2,12.155563,0.9276121
spanish,data/test/drawing/IMP-1903-01-14-a-i0031.jpg,0,0,10.732087,0.58357424
spanish,data/test/drawing/JDG-1974-01-17-a-i0097.jpg,0,0,8.44283,0.7434839
spanish,data/test/drawing/EXP-1924-06-06-a-i0046.jpg,0,0,9.352097,0.57921433
spanish,data/test/drawing/IMP-1915-04-08-a-i0038_2.jpg,0,2,12.378995,0.80656946
spanish,data/test/drawing/IMP-1925-01-09-a-i0030.jpg,0,2,8.494352,0.41373554
spanish,data/test/drawing/IMP-1929-10-16-a-i0005.jpg,0,0,13.299152,0.99145496
spanish,data/test/drawing/EXP-1969-05-13-a-i0056.jpg,0,3,11.335272,0.5308797
spanish,data/test/drawing/IMP-1906-12-16-a-i0013.jpg,0,0,9.749714,0.8622763
spanish,data/test/drawing/EXP-1966-11-25-a-i0334.jpg,0,0,10.570154,0.8630574
spanish,data/test/drawing/EXP-1974-05-25-a-i0325_2.jpg,0,0,8.77364,0.9002527
spanish,data/test/drawing/IMP-1981-02-18-a-i0085.jpg,0,0,11.6835785,0.9230825
spanish,data/test/drawing/LCE-1915-02-13-a-i0032.jpg,0,0,11.959779,0.464484
spanish,data/test/drawing/IMP-1915-05-18-a-i0007.jpg,0,0,12.957252,0.9055477
spanish,data/test/drawing/IMP-2001-07-17-a-i0177_2.jpg,0,3,14.71134,0.9586858
spanish,data/test/drawing/EXP-1932-07-26-a-i0078.jpg,0,2,6.423868,0.52813405
spanish,data/test/drawing/IMP-1937-02-16-a-i0012.jpg,0,0,12.192897,0.7272901
spanish,data/test/drawing/IMP-1984-11-06-a-i0005.jpg,0,4,9.43545,0.6406062
spanish,data/test/drawing/JDG-1977-06-04-a-i0219.jpg,0,4,9.962936,0.6854428
spanish,data/test/drawing/IMP-2001-07-17-a-i0177.jpg,0,3,14.514861,0.9681864
spanish,data/test/drawing/EXP-1972-07-08-a-i0361.jpg,0,0,14.623072,0.9871021
spanish,data/test/drawing/IMP-1936-06-23-a-i0069.jpg,0,0,11.098767,0.6232342
spanish,data/test/drawing/JDG-1968-10-25-a-i0086.jpg,0,0,13.873198,0.96351296
spanish,data/test/drawing/GDL-1975-12-13-a-i0099.jpg,0,0,13.902374,0.973724
spanish,data/test/drawing/IMP-1993-09-25-a-i0275.jpg,0,0,8.540172,0.46656442
spanish,data/test/drawing/IMP-1904-04-09-a-i0002.jpg,0,0,11.852971,0.9753455
spanish,data/test/drawing/GDL-1953-05-30-a-i0173.jpg,0,0,12.711098,0.9767344
spanish,data/test/drawing/IMP-1901-05-29-a-i0035.jpg,0,0,14.310883,0.92218685
spanish,data/test/title/LCE-1942-05-20-a-i0019.jpg,7,3,17.759338,0.99995685
spanish,data/test/title/LCE-1911-10-18-a-i0084.jpg,7,3,18.729198,0.99992085
spanish,data/test/title/LCE-1921-12-09-a-i0059.jpg,7,3,16.7234,0.9989442
spanish,data/test/title/LCE-1901-06-01-a-i0012.jpg,7,3,12.783197,0.935091
spanish,data/test/title/LCE-1932-07-15-a-i0019.jpg,7,3,17.33978,0.99989736
spanish,data/test/title/LCE-1911-12-06-a-i0016.jpg,7,3,17.55391,0.9995084
spanish,data/test/title/LCE-1906-07-25-a-i0010.jpg,7,3,11.015504,0.9687553
spanish,data/test/title/LCE-1908-01-22-a-i0011_2.jpg,7,3,18.454964,0.9997787
spanish,data/test/title/LCE-1942-01-21-a-i0014.jpg,7,3,16.634678,0.98922616
spanish,data/test/title/LCE-1906-10-13-a-i0019.jpg,7,3,16.48658,0.9993259
spanish,data/test/title/LCE-1944-03-31-a-i0017.jpg,7,3,17.61793,0.99990475
spanish,data/test/title/LCE-1910-04-27-a-i0002.jpg,7,3,16.74323,0.9953939
spanish,data/test/title/LCE-1913-03-01-a-i0008.jpg,7,3,13.312665,0.9549693
spanish,data/test/title/LCE-1910-04-02-a-i0009.jpg,7,3,17.645935,0.99968004
spanish,data/test/title/LCE-1952-05-02-a-i0002.jpg,7,3,15.228357,0.9997842
spanish,data/test/title/LCE-1900-03-17-a-i0006.jpg,7,3,14.031862,0.99674475
spanish,data/test/title/LCE-1953-06-26-a-i0014.jpg,7,3,15.417991,0.98938084
spanish,data/test/title/LCE-1912-11-23-a-i0020.jpg,7,3,17.354036,0.99987423
spanish,data/test/title/LCE-1914-05-15-a-i0014.jpg,7,3,14.676809,0.99514055
spanish,data/test/title/LCE-1908-03-07-a-i0008.jpg,7,3,17.257793,0.99978775
spanish,data/test/title/LCE-1905-04-08-a-i0010.jpg,7,3,10.557382,0.902604
spanish,data/test/title/LCE-1948-04-05-a-i0009.jpg,7,3,11.293255,0.9694238
spanish,data/test/title/LCE-1931-05-08-a-i0014.jpg,7,3,17.374563,0.9922271
spanish,data/test/title/LCE-1913-04-09-a-i0015.jpg,7,3,17.53101,0.9937084
spanish,data/test/title/LCE-1900-08-29-a-i0011.jpg,7,3,12.725025,0.96469516
spanish,data/test/title/LCE-1912-10-19-a-i0010.jpg,7,3,16.654337,0.9991159
spanish,data/test/title/LCE-1907-01-01-a-i0016.jpg,7,3,16.783134,0.99892586
spanish,data/test/title/LCE-1919-12-12-a-i0013.jpg,7,3,15.441935,0.99553597
spanish,data/test/title/LCE-1909-08-11-a-i0007_2.jpg,7,3,16.427134,0.9990331
spanish,data/test/title/LCE-1914-06-19-a-i0015.jpg,7,3,13.554593,0.9778022
spanish,data/test/title/LCE-1904-07-02-a-i0002.jpg,7,3,13.402796,0.8835901
spanish,data/test/title/LCE-1904-06-15-a-i0019.jpg,7,3,16.177105,0.9986823
spanish,data/test/title/LCE-1943-01-27-a-i0017.jpg,7,3,18.443848,0.999985
spanish,data/test/title/LCE-1908-08-05-a-i0017.jpg,7,3,17.678482,0.999741
spanish,data/test/title/LCE-1904-01-20-a-i0002.jpg,7,3,16.4724,0.99204093
spanish,data/test/title/LCE-1908-03-28-a-i0012.jpg,7,3,16.55053,0.9994561
spanish,data/test/title/LCE-1914-07-10-a-i0015.jpg,7,3,17.023298,0.99967945
spanish,data/test/title/LCE-1906-06-06-a-i0018.jpg,7,3,11.577744,0.99304855
spanish,data/test/title/LCE-1912-10-12-a-i0009.jpg,7,3,16.746494,0.9834449
spanish,data/test/title/LCE-1958-06-16-a-i0011.jpg,7,3,15.852699,0.99792033
spanish,data/test/title/LCE-1935-06-10-a-i0011.jpg,7,3,19.135555,0.9999714
spanish,data/test/title/LCE-1914-05-01-a-i0002.jpg,7,3,13.324648,0.9814922
spanish,data/test/title/LCE-1903-04-15-a-i0005.jpg,7,3,13.104113,0.9991677
spanish,data/test/title/LCE-1913-01-08-a-i0015.jpg,7,3,15.862602,0.99344856
spanish,data/test/title/LCE-1904-07-27-a-i0010.jpg,7,3,11.12803,0.9400129
spanish,data/test/title/LCE-1920-12-03-a-i0084.jpg,7,3,17.419447,0.96321315
spanish,data/test/title/LCE-1907-12-28-a-i0001.jpg,7,3,10.097244,0.93257684
spanish,data/test/title/LCE-1931-07-10-a-i0012.jpg,7,3,14.465734,0.9933734
spanish,data/test/title/LCE-1941-08-18-a-i0015.jpg,7,3,16.985523,0.99966
spanish,data/test/title/LCE-1901-02-16-a-i0011.jpg,7,3,12.638232,0.9686003
spanish,data/test/title/LCE-1942-01-02-a-i0012.jpg,7,3,17.077433,0.95644313
spanish,data/test/title/LCE-1907-08-14-a-i0009.jpg,7,3,17.07663,0.99946827
spanish,data/test/title/LCE-1933-10-09-a-i0017.jpg,7,3,17.819698,0.99924076
spanish,data/test/title/LCE-1914-05-11-a-i0016.jpg,7,3,12.477324,0.70749384
spanish,data/test/title/LCE-1911-10-18-a-i0002.jpg,7,3,17.186275,0.9992107
spanish,data/test/title/LCE-1919-07-12-a-i0020.jpg,7,3,9.057167,0.81087047
spanish,data/test/title/LCE-1902-02-19-a-i0007.jpg,7,3,14.722217,0.99730706
spanish,data/test/title/LCE-1913-02-15-a-i0009.jpg,7,3,17.377377,0.9997298
spanish,data/test/title/LCE-1909-05-01-a-i0001.jpg,7,3,12.038234,0.9887728
spanish,data/test/title/LCE-1943-01-27-a-i0008.jpg,7,3,10.444426,0.9711188
spanish,data/test/title/LCE-1950-02-24-a-i0001.jpg,7,3,18.950365,0.9999211
spanish,data/test/title/LCE-1948-09-17-a-i0020.jpg,7,3,17.686848,0.99992657
spanish,data/test/title/LCE-1906-06-09-a-i0002.jpg,7,3,16.1885,0.99532604
spanish,data/test/title/LCE-1933-02-01-a-i0009.jpg,7,3,11.366174,0.96077913
spanish,data/test/title/LCE-1906-03-14-a-i0020.jpg,7,3,15.726748,0.997775
spanish,data/test/title/LCE-1926-12-24-a-i0057.jpg,7,3,17.137188,0.9789585
spanish,data/test/title/LCE-1915-04-17-a-i0011.jpg,7,3,16.691042,0.997509
spanish,data/test/title/LCE-1923-03-09-a-i0051.jpg,7,3,17.352386,0.9996706
spanish,data/test/title/LCE-1948-06-09-a-i0015.jpg,7,3,18.565823,0.99996734
spanish,data/test/title/LCE-1933-09-15-a-i0015.jpg,7,3,16.601511,0.97765154
spanish,data/test/title/LCE-1910-12-31-a-i0018.jpg,7,3,16.445702,0.99983215
spanish,data/test/title/LCE-1908-10-07-a-i0011.jpg,7,3,17.03956,0.9989505
spanish,data/test/title/LCE-1952-02-27-a-i0002.jpg,7,3,15.788469,0.9995247
spanish,data/test/title/LCE-1908-09-26-a-i0010.jpg,7,3,17.179314,0.9989662
spanish,data/test/title/LCE-1915-04-07-a-i0012.jpg,7,3,16.152222,0.99624145
spanish,data/test/title/LCE-1906-02-03-a-i0003.jpg,7,3,10.796478,0.9204458
spanish,data/test/title/LCE-1915-12-08-a-i0013.jpg,7,3,16.359512,0.99921465
spanish,data/test/title/LCE-1904-03-09-a-i0001.jpg,7,3,16.137466,0.9992343
spanish,data/test/title/LCE-1933-05-03-a-i0012.jpg,7,3,18.611118,0.9998691
spanish,data/test/title/LCE-1949-12-19-a-i0016.jpg,7,3,16.523691,0.9744927
spanish,data/test/graph/GDL-1989-04-17-a-i0064.jpg,2,2,13.486524,0.9998778
spanish,data/test/graph/JDG-1976-01-09-a-i0041.jpg,2,2,14.057734,0.99990165
spanish,data/test/graph/EXP-1903-12-16-a-i0044.jpg,2,2,10.862473,0.98324823
spanish,data/test/graph/EXP-1962-11-21-a-i0136.jpg,2,2,12.555431,0.9974026
spanish,data/test/graph/EXP-1935-03-04-a-i0105.jpg,2,2,13.72908,0.9988966
spanish,data/test/graph/EXP-1923-08-21-a-i0071.jpg,2,2,8.865293,0.85609275
spanish,data/test/graph/EXP-1912-02-02-a-i0108.jpg,2,2,9.754873,0.9686289
spanish,data/test/graph/GDL-1979-02-05-a-i0102.jpg,2,2,14.032633,0.99971336
spanish,data/test/graph/JDG-1908-10-10-a-i0031.jpg,2,2,10.413464,0.9832132
spanish,data/test/graph/EXP-1911-12-09-a-i0115.jpg,2,2,14.236528,0.9996013
spanish,data/test/graph/EXP-1951-01-29-a-i0116.jpg,2,2,16.335495,0.9994715
spanish,data/test/graph/EXP-1921-08-31-a-i0070.jpg,2,2,9.494307,0.9625651
spanish,data/test/graph/EXP-1916-01-19-a-i0064.jpg,2,2,11.188635,0.97669995
spanish,data/test/graph/EXP-1913-04-28-a-i0115.jpg,2,2,10.728211,0.97500247
spanish,data/test/graph/EXP-1923-03-16-a-i0102.jpg,2,2,16.206528,0.9996107
spanish,data/test/graph/EXP-1912-11-26-a-i0106.jpg,2,2,12.270211,0.992867
spanish,data/test/graph/EXP-1945-04-05-a-i0192.jpg,2,2,14.653047,0.99902785
spanish,data/test/graph/EXP-1923-03-21-a-i0095.jpg,2,2,7.543596,0.72244567
spanish,data/test/graph/EXP-1970-01-17-a-i0061.jpg,2,2,12.853114,0.997614
spanish,data/test/graph/GDL-1989-04-17-a-i0064_2.jpg,2,2,15.061808,0.99992573
spanish,data/test/graph/JDG-1997-05-01-a-i0235.jpg,2,2,16.643843,0.9997613
spanish,data/test/graph/EXP-1913-02-21-a-i0127.jpg,2,2,11.646139,0.9935248
spanish,data/test/graph/EXP-1908-07-09-a-i0073_2.jpg,2,3,8.308401,0.535315
spanish,data/test/graph/GDL-1979-10-09-a-i0095.jpg,2,2,14.903204,0.99999
spanish,data/test/graph/IMP-1994-10-29-a-i0103.jpg,2,2,14.082245,0.999926
spanish,data/test/graph/EXP-1913-09-08-a-i0104.jpg,2,2,11.875284,0.97992504
spanish,data/test/graph/EXP-1918-02-08-a-i0068.jpg,2,2,10.786529,0.9767461
spanish,data/test/graph/EXP-1936-05-22-a-i0112.jpg,2,2,13.2709675,0.9931846
spanish,data/test/graph/GDL-1996-02-01-a-i0256.jpg,2,2,13.782277,0.9995285
spanish,data/test/graph/EXP-1931-10-26-a-i0101_2.jpg,2,2,16.138023,0.9993892
spanish,data/test/graph/EXP-1913-11-07-a-i0100.jpg,2,2,13.191088,0.98536843
spanish,data/test/graph/EXP-1903-11-30-a-i0052.jpg,2,2,10.776266,0.98427963
spanish,data/test/graph/EXP-1920-10-02-a-i0159.jpg,2,2,11.416856,0.95745546
spanish,data/test/graph/EXP-1948-05-28-a-i0189.jpg,2,2,12.910828,0.99749327
spanish,data/test/graph/JDG-1907-09-14-a-i0064.jpg,2,2,10.029286,0.9543596
spanish,data/test/graph/EXP-1915-02-26-a-i0072.jpg,2,2,13.6883545,0.99932325
spanish,data/test/game/EXP-1976-05-15-a-i0373.jpg,1,1,11.5608835,0.6540612
spanish,data/test/game/IMP-2017-11-18-a-i0260.jpg,1,1,13.665258,0.861371
spanish,data/test/game/JDG-1947-12-27-a-i0052.jpg,1,3,9.258243,0.7083627
spanish,data/test/game/IMP-1941-10-18-a-i0034.jpg,1,1,8.962903,0.772103
spanish,data/test/game/IMP-1973-09-01-a-i0208.jpg,1,1,13.571452,0.9600873
spanish,data/test/game/EXP-2017-07-07-a-i0104.jpg,1,1,15.209341,0.85718274
spanish,data/test/game/GDL-1964-05-30-a-i0320.jpg,1,1,14.6411,0.9706809
spanish,data/test/game/JDG-1988-01-20-a-i0172.jpg,1,3,8.552945,0.35615826
spanish,data/test/game/JDG-1942-06-09-a-i0052.jpg,1,1,14.265232,0.9966209
spanish,data/test/game/GDL-1915-07-04-a-i0099.jpg,1,0,13.875872,0.7934422
spanish,data/test/game/JDG-1987-11-06-a-i0201.jpg,1,1,12.966704,0.89336365
spanish,data/test/game/IMP-1981-10-23-a-i0114.jpg,1,1,8.078302,0.7066225
spanish,data/test/game/IMP-1958-06-25-a-i0118.jpg,1,1,13.515239,0.98709327
spanish,data/test/game/GDL-1961-04-08-a-i0326.jpg,1,1,14.28268,0.9950837
spanish,data/test/game/EXP-2000-11-14-a-i0347_2.jpg,1,2,12.282599,0.6147914
spanish,data/test/game/EXP-1972-06-12-a-i0345_2.jpg,1,1,13.819536,0.9757367
spanish,data/test/game/EXP-1967-09-29-a-i0450_2.jpg,1,1,14.2042055,0.9482471
spanish,data/test/game/IMP-2002-05-06-a-i0141.jpg,1,1,13.099634,0.90754145
spanish,data/test/game/GDL-1938-09-18-a-i0054.jpg,1,1,15.621315,0.56804687
spanish,data/test/game/GDL-1926-07-12-a-i0063_2.jpg,1,2,9.56158,0.7042755
spanish,data/test/game/IMP-1973-10-31-a-i0019.jpg,1,1,11.669037,0.87979496
spanish,data/test/game/GDL-1974-11-02-a-i0180_9.jpg,1,2,14.684385,0.97901446
spanish,data/test/game/EXP-1956-03-05-a-i0103.jpg,1,1,14.369064,0.9731915
spanish,data/test/game/GDL-1964-05-30-a-i0320_6.jpg,1,1,13.832353,0.9940215
spanish,data/test/game/GDL-1971-03-06-a-i0329.jpg,1,1,15.644048,0.99780744
spanish,data/test/game/EXP-2013-08-14-a-i0109.jpg,1,1,9.866023,0.8131654
spanish,data/test/game/JDG-1974-05-18-a-i0221_2.jpg,1,1,14.31558,0.9958092
spanish,data/test/game/EXP-2009-03-18-a-i0136.jpg,1,1,11.041037,0.98102814
spanish,data/test/game/EXP-1939-12-13-a-i0083.jpg,1,3,10.644595,0.6005296
spanish,data/test/game/EXP-1965-10-04-a-i0242.jpg,1,1,8.070238,0.9130871
spanish,data/test/game/JDG-1974-09-14-a-i0221.jpg,1,1,13.599968,0.87811005
spanish,data/test/game/IMP-1989-07-01-a-i0086_3.jpg,1,1,11.978925,0.7153116
spanish,data/test/game/GDL-1958-03-15-a-i0317.jpg,1,1,15.25647,0.86833084
spanish,data/test/game/EXP-2011-10-25-a-i0292.jpg,1,1,14.134091,0.9096746
spanish,data/test/game/IMP-1985-07-06-a-i0063.jpg,1,1,11.803444,0.88948286
spanish,data/test/game/IMP-2008-10-15-a-i0133_3.jpg,1,1,12.709143,0.92395025
spanish,data/test/game/IMP-1967-05-03-a-i0276.jpg,1,1,13.817183,0.96165305
spanish,data/test/game/EXP-1981-09-01-a-i0332.jpg,1,1,12.1180315,0.95617443
spanish,data/test/game/JDG-1943-06-09-a-i0074.jpg,1,1,13.2893715,0.5634042
spanish,data/test/game/EXP-1936-02-14-a-i0035.jpg,1,1,14.09901,0.99628484
spanish,data/test/game/EXP-1981-09-01-a-i0332_3.jpg,1,4,11.92857,0.94108886
spanish,data/test/game/EXP-1996-12-30-a-i0048.jpg,1,1,12.3551,0.8291733
spanish,data/test/game/EXP-2014-07-11-a-i0125.jpg,1,1,9.935904,0.9349902
spanish,data/test/game/EXP-1959-02-20-a-i0098.jpg,1,1,14.743811,0.9491075
spanish,data/test/game/JDG-1936-02-07-a-i0064.jpg,1,2,8.617583,0.63281405
spanish,data/test/comic/IMP-1965-03-13-a-i0144.jpg,4,0,12.452201,0.9424441
spanish,data/test/comic/IMP-1957-11-02-a-i0173_5.jpg,4,4,10.297591,0.655514
spanish,data/test/comic/GDL-1936-12-18-a-i0041.jpg,4,4,12.700909,0.5021095
spanish,data/test/comic/IMP-1992-12-19-a-i0198_2.jpg,4,4,15.571479,0.99088013
spanish,data/test/comic/IMP-1960-08-06-a-i0090_4.jpg,4,2,9.308777,0.73005736
spanish,data/test/comic/IMP-1961-11-01-a-i0016.jpg,4,4,11.629417,0.91370195
spanish,data/test/comic/LCE-1999-01-22-a-i0030.jpg,4,4,10.864123,0.7153451
spanish,data/test/comic/IMP-1960-08-06-a-i0090_7.jpg,4,4,6.4848547,0.5264127
spanish,data/test/comic/EXP-1956-07-25-a-i0105.jpg,4,4,10.281082,0.5365849
spanish,data/test/comic/IMP-1957-12-16-a-i0087.jpg,4,4,11.65535,0.906098
spanish,data/test/comic/EXP-1965-12-24-a-i0313_3.jpg,4,4,11.4953165,0.94531554
spanish,data/test/comic/IMP-2012-09-01-a-i0115.jpg,4,4,14.966764,0.9999491
spanish,data/test/comic/EXP-1959-02-20-a-i0098_4.jpg,4,4,9.14247,0.84402055
spanish,data/test/comic/IMP-1974-02-12-a-i0183.jpg,4,4,14.861457,0.9987857
spanish,data/test/comic/IMP-1965-03-13-a-i0144_3.jpg,4,2,10.676759,0.660455
spanish,data/test/comic/EXP-1958-05-20-a-i0092_3.jpg,4,4,10.363691,0.7977602
spanish,data/test/comic/LCE-1969-05-19-a-i0016_3.jpg,4,4,14.688778,0.99869674
spanish,data/test/comic/IMP-1979-12-03-a-i0187.jpg,4,4,9.445219,0.49441722
spanish,data/test/comic/IMP-1993-04-16-a-i0150.jpg,4,4,9.331064,0.5056641
spanish,data/test/comic/EXP-1966-07-15-a-i0238.jpg,4,4,7.0484076,0.44909656
spanish,data/test/comic/EXP-1966-07-16-a-i0254_6.jpg,4,2,11.236362,0.7223579
spanish,data/test/comic/IMP-1959-12-05-a-i0123.jpg,4,0,8.750922,0.47691593
spanish,data/test/comic/EXP-1979-12-29-a-i0132.jpg,4,2,9.866701,0.9394205
spanish,data/test/comic/IMP-2012-10-15-a-i0103.jpg,4,4,10.970186,0.92479587
spanish,data/test/comic/EXP-1989-08-16-a-i0308_4.jpg,4,4,11.818592,0.9215257
spanish,data/test/comic/EXP-1958-01-21-a-i0185.jpg,4,4,13.800195,0.673187
spanish,data/test/comic/EXP-1967-01-26-a-i0258_3.jpg,4,4,13.227335,0.97132236
spanish,data/test/comic/EXP-1965-01-28-a-i0311.jpg,4,4,10.422767,0.6638566
spanish,data/test/comic/EXP-2004-11-03-a-i0131_2.jpg,4,4,12.419162,0.753583
spanish,data/test/comic/EXP-1998-11-11-a-i0396.jpg,4,0,7.4994884,0.2798249
spanish,data/test/comic/EXP-1968-06-14-a-i0472.jpg,4,4,12.673025,0.8861777
spanish,data/test/comic/EXP-2000-03-18-a-i0362.jpg,4,2,9.767841,0.33595708
spanish,data/test/comic/EXP-1976-12-31-a-i0420.jpg,4,4,13.021168,0.98136234
spanish,data/test/comic/EXP-1962-01-05-a-i0084_2.jpg,4,4,13.293478,0.9739975
spanish,data/test/comic/IMP-1949-09-09-a-i0013.jpg,4,2,14.149685,0.8397707
spanish,data/test/comic/EXP-1940-04-09-a-i0069.jpg,4,4,7.9308643,0.55523413
spanish,data/test/comic/IMP-1942-05-29-a-i0016.jpg,4,2,10.359947,0.36391434
spanish,data/test/comic/IMP-1959-02-06-a-i0032.jpg,4,2,15.26462,0.779328
spanish,data/test/comic/GDL-1915-12-05-a-i0098.jpg,4,4,7.6866436,0.60241127
spanish,data/test/comic/IMP-1947-07-04-a-i0016.jpg,4,2,10.253473,0.5093191
spanish,data/test/map/GDL-1907-04-02-a-i0069.jpg,5,5,12.376494,0.8996325
spanish,data/test/map/GDL-1950-05-17-a-i0056.jpg,5,5,16.465954,0.9951556
spanish,data/test/map/GDL-1991-06-01-a-i0298.jpg,5,5,14.481777,0.98732704
spanish,data/test/map/LCE-1998-03-06-a-i0015_2.jpg,5,5,15.511406,0.99858356
spanish,data/test/map/GDL-1941-07-15-a-i0121.jpg,5,5,14.345088,0.99408734
spanish,data/test/map/IMP-1960-01-16-a-i0024.jpg,5,5,11.99151,0.8265425
spanish,data/test/map/EXP-1992-02-14-a-i0439_3.jpg,5,5,14.174372,0.9994616
spanish,data/test/map/EXP-1957-07-04-a-i0103_2.jpg,5,5,15.13023,0.9977029
spanish,data/test/map/JDG-1987-04-10-a-i0203_2.jpg,5,5,12.334017,0.99732363
spanish,data/test/map/EXP-2009-01-31-a-i0302_2.jpg,5,5,15.73855,0.9967163
spanish,data/test/map/JDG-1959-02-02-a-i0018.jpg,5,5,13.088427,0.72713345
spanish,data/test/map/EXP-2003-09-29-a-i0014.jpg,5,5,14.5308695,0.9993831
spanish,data/test/map/GDL-1918-12-02-a-i0002.jpg,5,5,16.836964,0.997051
spanish,data/test/map/EXP-2017-08-02-a-i0209.jpg,5,5,17.869839,0.9995865
spanish,data/test/map/JDG-1940-03-08-a-i0008.jpg,5,5,15.2282715,0.99346644
spanish,data/test/map/EXP-1979-10-23-a-i0132_2.jpg,5,5,16.930576,0.9980957
spanish,data/test/logo/IMP-1915-06-08-a-i0031.jpg,3,2,12.415831,0.6345766
spanish,data/test/logo/EXP-2005-11-16-a-i0232_2.jpg,3,3,16.27319,0.8751024
spanish,data/test/logo/JDG-1907-11-03-a-i0012.jpg,3,3,15.131586,0.99825186
spanish,data/test/logo/LCE-1970-04-14-a-i0026.jpg,3,3,15.04912,0.98932976
spanish,data/test/logo/IMP-2016-11-03-a-i0254.jpg,3,3,19.920399,0.9980944
spanish,data/test/logo/IMP-1963-03-12-a-i0199.jpg,3,3,16.407225,0.99941564
spanish,data/test/logo/LCE-1903-12-23-a-i0048.jpg,3,3,13.388377,0.6801465
spanish,data/test/logo/LCE-1923-06-22-a-i0016.jpg,3,3,12.821964,0.9336815
spanish,data/test/logo/IMP-1979-12-27-a-i0050.jpg,3,3,8.697323,0.5565699
spanish,data/test/logo/EXP-2017-10-24-a-i0150.jpg,3,3,15.853856,0.9823137
spanish,data/test/logo/EXP-1966-11-11-a-i0429.jpg,3,3,14.304362,0.944128
spanish,data/test/logo/JDG-1909-10-12-a-i0099.jpg,3,3,12.605567,0.9955882
spanish,data/test/logo/LCE-1981-02-17-a-i0063_2.jpg,3,3,15.522778,0.99991024
spanish,data/test/logo/JDG-1970-04-09-a-i0185.jpg,3,3,17.381535,0.9961467
spanish,data/test/logo/IMP-1973-01-30-a-i0025.jpg,3,3,8.159924,0.90559757
spanish,data/test/logo/LCE-1909-05-26-a-i0023.jpg,3,3,9.965059,0.96128935
spanish,data/test/logo/GDL-1978-02-27-a-i0145.jpg,3,3,13.028797,0.7111523
spanish,data/test/logo/EXP-2003-01-31-a-i0051.jpg,3,3,11.408379,0.93197393
spanish,data/test/logo/EXP-2016-03-11-a-i0182.jpg,3,3,13.238747,0.99629045
spanish,data/test/logo/LCE-1929-06-14-a-i0044.jpg,3,3,10.560113,0.6917338
spanish,data/test/logo/IMP-1915-03-27-a-i0043.jpg,3,3,11.312284,0.5247259
spanish,data/test/logo/IMP-1996-03-27-a-i0210_2.jpg,3,3,15.1853695,0.9980648
spanish,data/test/logo/LCE-1904-11-26-a-i0031.jpg,3,3,9.577678,0.77769935
spanish,data/test/logo/IMP-1990-08-22-a-i0508.jpg,3,3,16.253979,0.99850106
spanish,data/test/logo/LCE-1924-03-03-a-i0033.jpg,3,3,14.080202,0.99622273
spanish,data/test/logo/LCE-1952-05-16-a-i0010.jpg,3,2,10.073721,0.90846425
spanish,data/test/logo/LCE-1952-08-29-a-i0021.jpg,3,3,16.314857,0.99968505
spanish,data/test/logo/LCE-1970-06-23-a-i0095_2.jpg,3,3,16.251047,0.9996234
spanish,data/test/logo/LCE-1977-11-18-a-i0010.jpg,3,3,18.11282,0.999871
spanish,data/test/logo/IMP-1980-04-03-a-i0263.jpg,3,3,17.33318,0.99947566
spanish,data/test/logo/LCE-1903-11-04-a-i0027.jpg,3,3,10.394612,0.98003846
spanish,data/test/logo/EXP-1906-02-05-a-i0060.jpg,3,3,12.210199,0.98945487
spanish,data/test/logo/LCE-1908-11-04-a-i0048.jpg,3,3,15.469276,0.9279605
spanish,data/test/logo/LCE-1939-02-22-a-i0036.jpg,3,3,11.459431,0.885487
spanish,data/test/logo/EXP-1979-05-04-a-i0025.jpg,3,3,11.987705,0.80447626
spanish,data/test/logo/EXP-1923-03-21-a-i0023.jpg,3,3,11.093656,0.96042585
spanish,data/test/logo/GDL-1965-04-27-a-i0119.jpg,3,3,13.2328615,0.9777429
spanish,data/test/logo/JDG-1977-12-17-a-i0244.jpg,3,3,18.429852,0.9998934
spanish,data/test/logo/JDG-1907-12-13-a-i0050.jpg,3,3,10.5478945,0.80424374
spanish,data/test/logo/EXP-1953-05-30-a-i0157.jpg,3,3,12.74736,0.9996007
spanish,data/test/logo/JDG-1925-08-29-a-i0041.jpg,3,3,15.692404,0.999741
spanish,data/test/logo/JDG-1982-07-05-a-i0042.jpg,3,3,17.360264,0.9997681
spanish,data/test/logo/LCE-1952-05-09-a-i0053_2.jpg,3,4,10.41494,0.8886073
spanish,data/test/logo/LCE-1975-02-14-a-i0004.jpg,3,3,12.203526,0.9886402
spanish,data/test/logo/IMP-2014-01-03-a-i0088.jpg,3,3,16.616146,0.9326461
spanish,data/test/photo/EXP-1928-01-09-a-i0056.jpg,6,2,10.802082,0.48617515
spanish,data/test/photo/EXP-2002-04-06-a-i0048.jpg,6,4,10.171796,0.94636196
spanish,data/test/photo/IMP-1936-05-11-a-i0011.jpg,6,0,9.6550865,0.6320622
spanish,data/test/photo/IMP-1996-09-21-a-i0207.jpg,6,2,7.5315933,0.2978179
spanish,data/test/photo/GDL-1989-04-08-a-i0200.jpg,6,2,8.342123,0.5499294
spanish,data/test/photo/EXP-1929-08-09-a-i0096.jpg,6,6,9.225178,0.48986962
spanish,data/test/photo/IMP-1972-04-20-a-i0026.jpg,6,1,8.18878,0.48918796
spanish,data/test/photo/IMP-2006-06-27-a-i0272.jpg,6,4,7.1062775,0.53661036
spanish,data/test/photo/IMP-1934-12-26-a-i0010.jpg,6,2,8.782593,0.39643878
spanish,data/test/photo/IMP-1960-07-25-a-i0010.jpg,6,2,8.7365675,0.73680073
spanish,data/test/photo/IMP-1946-09-13-a-i0004.jpg,6,6,8.718653,0.76824975
spanish,data/test/photo/EXP-1967-08-21-a-i0234.jpg,6,1,7.1163816,0.48784056
spanish,data/test/photo/IMP-1944-04-03-a-i0005.jpg,6,0,9.646136,0.8706465
spanish,data/test/photo/IMP-1968-08-09-a-i0158.jpg,6,0,8.087862,0.3760668
spanish,data/test/photo/EXP-2009-06-27-a-i0182.jpg,6,3,4.5431643,0.28837878
spanish,data/test/photo/EXP-2017-04-22-a-i0197.jpg,6,1,13.484783,0.9892089
spanish,data/test/photo/EXP-1967-04-24-a-i0127.jpg,6,6,5.263315,0.2587638
spanish,data/test/photo/IMP-2009-12-01-a-i0072.jpg,6,7,9.303443,0.9848391
spanish,data/test/photo/GDL-1940-07-31-a-i0068.jpg,6,2,11.046346,0.48006836
spanish,data/test/photo/IMP-2004-06-19-a-i0149.jpg,6,6,5.6375594,0.33243445
spanish,data/test/photo/EXP-2015-07-13-a-i0127.jpg,6,6,10.195717,0.81480783
spanish,data/test/photo/EXP-1913-03-10-a-i0089.jpg,6,5,11.610987,0.46541053
spanish,data/test/photo/EXP-1925-02-14-a-i0084.jpg,6,0,11.6608,0.71067876
spanish,data/test/photo/IMP-1948-05-05-a-i0044.jpg,6,2,9.814406,0.45274734
spanish,data/test/photo/LCE-1909-06-23-a-i0020.jpg,6,2,10.640509,0.74747187
spanish,data/test/photo/IMP-1941-09-09-a-i0010.jpg,6,6,7.960507,0.21148282
spanish,data/test/photo/EXP-1929-04-20-a-i0006.jpg,6,2,7.685693,0.3900428
spanish,data/test/photo/IMP-1915-11-10-a-i0006_2.jpg,6,0,10.144035,0.60578007
spanish,data/test/photo/EXP-2003-04-09-a-i0164.jpg,6,7,7.435259,0.87203187
spanish,data/test/photo/EXP-1975-09-10-a-i0205.jpg,6,1,14.008568,0.9980336
spanish,data/test/photo/EXP-1961-06-08-a-i0104.jpg,6,1,6.8953314,0.8565093
spanish,data/test/photo/EXP-1950-03-31-a-i0008.jpg,6,2,8.461324,0.47700727
spanish,data/test/photo/IMP-1958-01-03-a-i0117.jpg,6,5,10.471413,0.6179143
spanish,data/test/photo/JDG-1945-04-11-a-i0005.jpg,6,2,8.309972,0.5767351
spanish,data/test/photo/EXP-2014-01-10-a-i0101_2.jpg,6,5,5.7995877,0.44608685
spanish,data/test/photo/IMP-1966-12-10-a-i0326.jpg,6,2,8.519713,0.49302
spanish,data/test/photo/IMP-1984-09-11-a-i0275.jpg,6,0,6.715847,0.68871176
spanish,data/test/photo/EXP-2005-01-21-a-i0307.jpg,6,1,8.801845,0.8614338
spanish,data/test/photo/EXP-1938-12-12-a-i0119.jpg,6,0,8.853576,0.823992
spanish,data/test/photo/IMP-1967-04-21-a-i0279.jpg,6,0,8.916107,0.50041056
spanish,data/test/photo/EXP-2000-09-13-a-i0271.jpg,6,1,9.475724,0.71672547
spanish,data/test/photo/EXP-2016-04-04-a-i0128.jpg,6,5,7.8778305,0.5411574
spanish,data/test/photo/EXP-1966-02-18-a-i0473.jpg,6,2,8.882065,0.37702042
spanish,data/test/photo/IMP-1930-01-08-a-i0004.jpg,6,2,14.694494,0.959331
spanish,data/test/photo/EXP-1996-09-10-a-i0259.jpg,6,7,9.67539,0.80250216
spanish,data/test/photo/IMP-2006-03-11-a-i0243.jpg,6,7,6.186216,0.88939255
spanish,data/test/photo/EXP-1965-12-16-a-i0130.jpg,6,1,8.675522,0.3032644
spanish,data/test/photo/JDG-1982-04-21-a-i0076.jpg,6,0,10.721493,0.7384253
spanish,data/test/photo/IMP-1938-02-02-a-i0008.jpg,6,2,9.1324625,0.4880017
spanish,data/test/photo/LCE-1982-12-14-a-i0038.jpg,6,7,9.898151,0.8210136
spanish,data/test/photo/EXP-1935-06-11-a-i0006.jpg,6,6,11.124191,0.5966612
spanish,data/test/photo/EXP-2004-11-29-a-i0091.jpg,6,7,6.317265,0.40294588
spanish,data/test/photo/EXP-1953-08-18-a-i0007.jpg,6,2,9.214031,0.45607147
spanish,data/test/photo/IMP-1929-08-23-a-i0002.jpg,6,2,9.3451,0.90894955
spanish,data/test/photo/IMP-1974-11-29-a-i0092.jpg,6,7,7.72417,0.31087545
spanish,data/test/photo/IMP-1962-03-23-a-i0300.jpg,6,0,10.013753,0.49578127
spanish,data/test/photo/IMP-1976-06-14-a-i0140.jpg,6,2,6.412258,0.4823798
spanish,data/test/photo/JDG-1937-11-19-a-i0106.jpg,6,2,8.5303955,0.6482566
spanish,data/test/photo/GDL-1993-03-13-a-i0130.jpg,6,1,7.97015,0.46499303
spanish,data/test/photo/JDG-1936-12-30-a-i0033.jpg,6,2,6.7021646,0.2967038
spanish,data/test/photo/EXP-1970-05-26-a-i0220.jpg,6,7,9.80409,0.778137
spanish,data/test/photo/GDL-1984-06-26-a-i0081.jpg,6,1,15.241411,0.9986255
spanish,data/test/photo/EXP-1968-12-12-a-i0341.jpg,6,7,9.012925,0.739118
spanish,data/test/photo/GDL-1965-11-27-a-i0316.jpg,6,6,10.131782,0.58871037
spanish,data/test/photo/EXP-1982-07-29-a-i0138.jpg,6,1,12.824236,0.9890394
spanish,data/test/photo/IMP-2008-09-16-a-i0309.jpg,6,1,13.175903,0.9630713
spanish,data/test/photo/EXP-1963-12-18-a-i0160.jpg,6,0,7.434484,0.39201516
spanish,data/test/photo/LCE-1969-01-09-a-i0002.jpg,6,0,9.907864,0.835039
spanish,data/test/photo/IMP-1989-08-16-a-i0106.jpg,6,1,7.380843,0.4899502
spanish,data/test/photo/EXP-2002-11-14-a-i0041.jpg,6,1,8.203632,0.840496
spanish,data/test/photo/EXP-1970-05-26-a-i0397.jpg,6,1,16.848715,0.9992092
spanish,data/test/photo/IMP-1913-01-18-a-i0043.jpg,6,2,11.095244,0.7444639
spanish,data/test/photo/EXP-1936-07-17-a-i0002.jpg,6,2,6.061512,0.33517835
spanish,data/test/photo/IMP-1923-05-14-a-i0034.jpg,6,6,10.079283,0.3640083
spanish,data/test/photo/EXP-1948-12-08-a-i0100.jpg,6,0,11.176911,0.789087
spanish,data/test/photo/JDG-1979-11-20-a-i0091.jpg,6,1,6.5147147,0.43394366
spanish,data/test/photo/EXP-2016-03-22-a-i0009.jpg,6,7,7.2368755,0.4027596
spanish,data/test/photo/IMP-1940-02-21-a-i0005.jpg,6,2,8.366893,0.56844133
spanish,data/test/photo/IMP-1961-09-04-a-i0048.jpg,6,7,6.064988,0.31215194
spanish,data/test/photo/IMP-2015-08-22-a-i0196.jpg,6,4,5.874239,0.45748746
spanish,data/test/photo/IMP-2002-12-28-a-i0029.jpg,6,5,8.433164,0.65985864
spanish,data/test/photo/EXP-1998-10-09-a-i0256.jpg,6,0,9.102142,0.89588803
spanish,data/test/photo/GDL-1934-07-16-a-i0002.jpg,6,2,8.680336,0.4070988
spanish,data/test/photo/IMP-1948-10-02-a-i0104.jpg,6,2,7.7032356,0.5712773
spanish,data/test/photo/LCE-1970-06-23-a-i0095.jpg,6,0,9.601485,0.9540349
spanish,data/test/photo/LCE-1970-07-28-a-i0070.jpg,6,7,12.45029,0.94881904
spanish,data/test/photo/GDL-1982-12-02-a-i0053.jpg,6,0,9.023567,0.6343399
spanish,data/test/photo/EXP-1999-02-26-a-i0228.jpg,6,0,9.268786,0.72431964
spanish,data/test/photo/IMP-1940-02-08-a-i0008.jpg,6,2,10.181734,0.57107633
spanish,data/test/photo/GDL-1985-05-04-a-i0023.jpg,6,1,9.435966,0.43674457
spanish,data/test/photo/EXP-2010-02-01-a-i0162.jpg,6,1,9.849678,0.8915244
spanish,data/test/photo/GDL-1970-05-21-a-i0034.jpg,6,0,12.0535345,0.981682
spanish,data/test/photo/IMP-2010-01-26-a-i0273.jpg,6,4,11.800854,0.48484698
spanish,data/test/photo/EXP-2003-10-16-a-i0129.jpg,6,2,7.3888445,0.36851484
spanish,data/test/photo/IMP-2005-05-30-a-i0078.jpg,6,2,8.073177,0.71076477
spanish,data/test/photo/IMP-1926-08-25-a-i0008.jpg,6,0,10.472498,0.49565578
spanish,data/test/photo/IMP-1952-08-07-a-i0004.jpg,6,0,11.064947,0.5201469
spanish,data/test/photo/GDL-1995-11-18-a-i0107.jpg,6,2,7.9264855,0.764617
spanish,data/test/photo/EXP-2011-06-01-a-i0189.jpg,6,2,10.230418,0.48581848
spanish,data/test/photo/IMP-2004-02-19-a-i0002.jpg,6,7,6.594694,0.5720658
spanish,data/test/photo/IMP-2003-01-17-a-i0027.jpg,6,7,11.6334305,0.9021047
spanish,data/test/photo/JDG-1909-11-09-a-i0050.jpg,6,7,11.37691,0.475372
spanish,data/test/photo/JDG-1992-09-07-a-i0165.jpg,6,6,7.83002,0.8785134
spanish,data/test/photo/EXP-1957-02-04-a-i0014.jpg,6,2,8.334103,0.4822326
spanish,data/test/photo/EXP-2014-12-16-a-i0190.jpg,6,4,8.303746,0.51711756
spanish,data/test/photo/IMP-1993-07-05-a-i0166.jpg,6,1,8.095766,0.84484166
spanish,data/test/photo/IMP-1943-06-05-a-i0002.jpg,6,0,9.361119,0.67082965
spanish,data/test/photo/EXP-2007-10-16-a-i0176.jpg,6,2,13.193346,0.9523347
spanish,data/test/photo/JDG-1937-11-21-a-i0098.jpg,6,7,7.430731,0.332551
spanish,data/test/photo/EXP-2002-11-11-a-i0237.jpg,6,1,11.118863,0.9969553
spanish,data/test/photo/EXP-1936-12-25-a-i0104.jpg,6,1,9.7393,0.8343119
spanish,data/test/photo/IMP-2008-11-18-a-i0067.jpg,6,4,3.6070476,0.28428617
spanish,data/test/photo/JDG-1979-10-17-a-i0143.jpg,6,7,11.208971,0.75546575
spanish,data/test/photo/EXP-1940-11-05-a-i0011.jpg,6,7,8.506691,0.5624422
spanish,data/test/photo/EXP-1962-08-21-a-i0108.jpg,6,7,7.66733,0.5906306
spanish,data/test/photo/EXP-2012-06-14-a-i0072.jpg,6,4,3.7199466,0.41726908
spanish,data/test/photo/IMP-2008-02-13-a-i0283.jpg,6,4,8.95796,0.65229195
spanish,data/test/photo/EXP-1940-07-24-a-i0012.jpg,6,1,6.611992,0.35123295
spanish,data/test/photo/IMP-2002-06-13-a-i0314.jpg,6,6,8.910797,0.6309462
spanish,data/test/photo/IMP-1943-02-06-a-i0003_2.jpg,6,0,9.891649,0.7361166
spanish,data/test/photo/EXP-1971-12-02-a-i0451.jpg,6,2,10.916908,0.5102075
spanish,data/test/photo/EXP-1940-12-13-a-i0002.jpg,6,7,10.102949,0.7863228
spanish,data/test/photo/LCE-1977-12-20-a-i0030.jpg,6,2,7.344291,0.85583144
spanish,data/test/photo/IMP-1969-10-08-a-i0121.jpg,6,0,9.066111,0.5089556
spanish,data/test/photo/GDL-1985-09-04-a-i0027.jpg,6,7,11.468201,0.85778093
spanish,data/test/photo/LCE-1970-03-16-a-i0098.jpg,6,7,9.097791,0.40017572
spanish,data/test/photo/IMP-2016-05-31-a-i0193.jpg,6,3,6.193678,0.32516712
spanish,data/test/photo/IMP-2017-12-23-a-i0248.jpg,6,3,3.4622583,0.3441603
spanish,data/test/photo/IMP-2015-06-29-a-i0115.jpg,6,2,8.696306,0.384136
spanish,data/test/photo/EXP-1987-10-22-a-i0509.jpg,6,7,7.8290977,0.36431766
spanish,data/test/photo/IMP-1990-10-02-a-i0036.jpg,6,2,8.55224,0.40961167
spanish,data/test/photo/LCE-1988-01-12-a-i0057.jpg,6,1,9.880463,0.8583794
spanish,data/test/photo/EXP-2008-10-10-a-i0155.jpg,6,3,7.067806,0.6146608
spanish,data/test/photo/EXP-1913-09-17-a-i0084_2.jpg,6,6,6.9192905,0.5127406
spanish,data/test/photo/GDL-1979-05-08-a-i0045.jpg,6,7,12.073217,0.7522371
spanish,data/test/photo/EXP-2002-11-01-a-i0192.jpg,6,7,7.5110016,0.45589933
spanish,data/test/photo/IMP-1983-10-28-a-i0354.jpg,6,0,8.442885,0.53969747
spanish,data/test/photo/IMP-1927-03-07-a-i0026.jpg,6,0,10.7282,0.9649183
spanish,data/test/photo/IMP-1943-02-06-a-i0003_3.jpg,6,6,4.3901143,0.3376882
spanish,data/test/photo/GDL-1982-03-17-a-i0121.jpg,6,2,11.7327585,0.59461987
spanish,data/test/photo/IMP-1981-01-08-a-i0013.jpg,6,1,8.604638,0.44086364
spanish,data/test/photo/EXP-1941-04-19-a-i0003.jpg,6,7,7.8815017,0.44909674
spanish,data/test/photo/IMP-1931-02-18-a-i0004.jpg,6,2,9.605747,0.7382116
spanish,data/test/photo/IMP-1961-09-08-a-i0166.jpg,6,7,11.606531,0.73344034
spanish,data/test/photo/EXP-2008-06-21-a-i0182.jpg,6,1,7.0995164,0.54701895
spanish,data/test/photo/LCE-1974-11-05-a-i0010.jpg,6,1,11.764126,0.99652964
spanish,data/test/photo/EXP-2001-10-30-a-i0026.jpg,6,0,7.2299576,0.42481002
spanish,data/test/photo/IMP-2008-06-02-a-i0067.jpg,6,2,8.380376,0.86398417
spanish,data/test/photo/GDL-1927-10-20-a-i0005.jpg,6,7,11.16874,0.51033765
spanish,data/test/photo/EXP-1968-07-02-a-i0132.jpg,6,0,9.42289,0.39440987
spanish,data/test/photo/IMP-1949-07-18-a-i0007.jpg,6,5,7.4382067,0.55513227
spanish,data/test/photo/IMP-1999-12-31-a-i0037.jpg,6,1,9.755422,0.85593605
spanish,data/test/photo/EXP-1934-09-17-a-i0013.jpg,6,7,9.8100605,0.43362126
spanish,data/test/photo/IMP-1997-08-09-a-i0216.jpg,6,2,10.167964,0.92994684
spanish,data/test/photo/EXP-1928-11-07-a-i0065.jpg,6,7,9.463848,0.3671603
spanish,data/test/photo/IMP-1935-05-23-a-i0005.jpg,6,6,6.8848686,0.6535866
spanish,data/test/photo/LCE-1956-11-16-a-i0030.jpg,6,7,10.735842,0.47803086
spanish,data/test/photo/IMP-1940-08-06-a-i0014.jpg,6,7,11.843057,0.77715975
spanish,data/test/photo/IMP-1945-05-09-a-i0006.jpg,6,2,10.655462,0.67268616
spanish,data/test/photo/IMP-1948-06-24-a-i0036.jpg,6,7,9.672823,0.5836706
spanish,data/test/photo/IMP-1938-12-15-a-i0014.jpg,6,2,8.138253,0.5239997
spanish,data/test/photo/EXP-1936-06-20-a-i0103.jpg,6,2,9.053944,0.86874986
spanish,data/test/photo/EXP-1988-05-07-a-i0236.jpg,6,0,6.674094,0.8464576
spanish,data/test/photo/JDG-1995-03-30-a-i0189.jpg,6,2,11.0584,0.63814104
spanish,data/test/photo/IMP-2010-08-14-a-i0188.jpg,6,6,7.3121486,0.63923657
spanish,data/test/photo/IMP-2001-10-11-a-i0283.jpg,6,7,4.3860216,0.30334395
spanish,data/test/photo/IMP-1977-11-07-a-i0242.jpg,6,1,10.280904,0.9291915
spanish,data/test/photo/EXP-1915-11-19-a-i0077.jpg,6,0,9.493412,0.46140206
spanish,data/test/photo/IMP-1944-08-08-a-i0008.jpg,6,7,7.1591725,0.64914215
spanish,data/test/photo/EXP-1932-04-08-a-i0060.jpg,6,0,11.207423,0.7615868
spanish,data/test/photo/IMP-1966-10-07-a-i0138.jpg,6,1,13.094519,0.99875164
spanish,data/test/photo/JDG-1928-05-27-a-i0061.jpg,6,2,9.407574,0.7368113
spanish,data/test/photo/JDG-1945-02-16-a-i0075_2.jpg,6,2,8.340338,0.6954488
spanish,data/test/photo/JDG-1969-07-12-a-i0114.jpg,6,6,9.58954,0.40036774
spanish,data/test/photo/JDG-1941-10-29-a-i0004.jpg,6,0,9.173386,0.61988807
spanish,data/test/photo/EXP-1996-09-14-a-i0295.jpg,6,7,9.841864,0.9800401
spanish,data/test/photo/IMP-2004-09-04-a-i0354.jpg,6,2,8.497009,0.4731702
spanish,data/test/photo/IMP-2006-10-05-a-i0259.jpg,6,6,3.6964102,0.25812167
spanish,data/test/photo/EXP-1978-11-11-a-i0510.jpg,6,2,10.441243,0.6974183
spanish,data/test/photo/IMP-1941-06-23-a-i0009.jpg,6,1,10.839221,0.39190042
spanish,data/test/photo/EXP-1995-11-24-a-i0048.jpg,6,7,6.9782295,0.3977286
spanish,data/test/photo/EXP-1962-02-01-a-i0167.jpg,6,0,10.620487,0.55663365
spanish,data/test/photo/IMP-1966-12-26-a-i0116.jpg,6,2,9.368523,0.5362153
spanish,data/test/photo/JDG-1990-05-08-a-i0116.jpg,6,1,6.4730988,0.81455743
spanish,data/test/photo/EXP-1972-07-26-a-i0286.jpg,6,0,13.233864,0.8581445
spanish,data/test/photo/IMP-1965-04-20-a-i0007.jpg,6,1,14.013462,0.9996264
spanish,data/test/photo/EXP-1979-10-23-a-i0132.jpg,6,1,7.860718,0.49274516
spanish,data/test/photo/JDG-1984-01-16-a-i0145.jpg,6,7,11.89455,0.92202485
spanish,data/test/photo/IMP-1960-06-16-a-i0011.jpg,6,6,5.5034714,0.5140569
spanish,data/test/photo/GDL-1925-12-14-a-i0044.jpg,6,6,8.472266,0.3664347
spanish,data/test/photo/IMP-1915-05-01-a-i0007.jpg,6,0,12.637806,0.7634537
spanish,data/test/photo/GDL-1980-05-08-a-i0114.jpg,6,1,5.8001623,0.40564513
spanish,data/test/photo/LCE-1969-07-09-a-i0083.jpg,6,7,8.435745,0.5466936
spanish,data/test/photo/IMP-2013-01-24-a-i0107.jpg,6,2,8.650618,0.49877766
spanish,data/test/photo/EXP-1991-06-10-a-i0093.jpg,6,6,8.800006,0.5577718
spanish,data/test/photo/IMP-1917-02-20-a-i0007.jpg,6,2,11.2035265,0.5752427
spanish,data/test/photo/IMP-2001-08-24-a-i0185.jpg,6,6,4.274173,0.71532756
spanish,data/test/photo/EXP-1900-12-31-a-i0138_2.jpg,6,2,6.572241,0.5366983
spanish,data/test/photo/IMP-1969-01-25-a-i0104.jpg,6,6,4.8993998,0.26356775
spanish,data/test/photo/EXP-1929-08-19-a-i0011.jpg,6,2,10.575279,0.92494434
spanish,data/test/photo/GDL-1991-06-01-a-i0197.jpg,6,1,6.779383,0.4362524
spanish,data/test/photo/IMP-2013-01-05-a-i0213.jpg,6,2,5.8036923,0.68893605
spanish,data/test/photo/EXP-1990-11-24-a-i0086.jpg,6,1,8.055918,0.34406728
spanish,data/test/photo/GDL-1928-01-12-a-i0003.jpg,6,2,8.8825245,0.56655675
spanish,data/test/photo/IMP-1941-08-29-a-i0071.jpg,6,2,9.927969,0.49734497
spanish,data/test/photo/LCE-1983-10-04-a-i0034.jpg,6,1,10.591886,0.30345505
spanish,data/test/photo/EXP-1967-05-05-a-i0062.jpg,6,7,7.885749,0.34953874
spanish,data/test/photo/JDG-1943-09-20-a-i0023.jpg,6,7,6.821934,0.3798902
spanish,data/test/photo/EXP-1988-12-22-a-i0069.jpg,6,2,7.434828,0.5656567
spanish,data/test/photo/EXP-2007-06-21-a-i0331.jpg,6,6,9.060875,0.43170366
spanish,data/test/photo/GDL-1939-10-30-a-i0044.jpg,6,6,8.663977,0.56158465
spanish,data/test/photo/LCE-1969-11-08-a-i0113.jpg,6,7,7.60798,0.61510104
spanish,data/test/photo/EXP-1932-03-16-a-i0064.jpg,6,2,6.382469,0.32854742
spanish,data/test/photo/IMP-2003-08-30-a-i0229.jpg,6,1,12.004848,0.99714416
spanish,data/test/photo/IMP-1968-02-01-a-i0304.jpg,6,2,5.978688,0.31404746
spanish,data/test/photo/EXP-2017-05-03-a-i0038.jpg,6,2,6.626358,0.60340166
spanish,data/test/photo/GDL-1955-07-23-a-i0002.jpg,6,0,8.277557,0.37519792
spanish,data/test/photo/EXP-1993-11-12-a-i0261.jpg,6,4,4.6097097,0.34700152
spanish,data/test/photo/EXP-2007-08-03-a-i0293.jpg,6,2,8.102894,0.8560412
spanish,data/test/photo/IMP-1928-07-27-a-i0003.jpg,6,7,10.531381,0.6167169
spanish,data/test/photo/IMP-2008-10-13-a-i0075.jpg,6,7,8.00235,0.36542732
spanish,data/test/photo/IMP-1974-11-11-a-i0066.jpg,6,1,5.9190044,0.57515806
spanish,data/test/photo/LCE-1943-07-12-a-i0010.jpg,6,0,10.363377,0.9316776
spanish,data/test/photo/GDL-1935-05-12-a-i0074.jpg,6,6,7.521159,0.527641
spanish,data/test/photo/EXP-1977-07-23-a-i0116.jpg,6,6,10.819353,0.7878984
spanish,data/test/photo/IMP-2016-04-04-a-i0034.jpg,6,2,8.860706,0.46559513
spanish,data/test/photo/EXP-1937-02-20-a-i0144.jpg,6,0,6.9667945,0.4052914
spanish,data/test/photo/IMP-1953-12-23-a-i0123.jpg,6,1,10.339378,0.7969152
spanish,data/test/photo/IMP-2001-08-15-a-i0127.jpg,6,2,9.362228,0.6487067
spanish,data/test/photo/JDG-1945-02-16-a-i0075.jpg,6,2,8.340338,0.6954488
spanish,data/test/photo/EXP-2016-01-22-a-i0238.jpg,6,2,8.504111,0.7516922
spanish,data/test/photo/EXP-1956-04-06-a-i0012.jpg,6,6,8.793253,0.8634987
spanish,data/test/photo/IMP-1992-10-17-a-i0264.jpg,6,2,6.769575,0.46324033
spanish,data/test/photo/EXP-2007-09-04-a-i0328.jpg,6,6,5.8291883,0.42718303
spanish,data/test/photo/IMP-2009-03-21-a-i0313.jpg,6,2,4.198485,0.22647992
spanish,data/test/photo/EXP-1989-06-08-a-i0011.jpg,6,0,6.4694085,0.44439632
spanish,data/test/photo/IMP-1978-09-23-a-i0009.jpg,6,6,9.802335,0.32067648
spanish,data/test/photo/IMP-1956-04-24-a-i0007.jpg,6,1,7.68818,0.52140844
spanish,data/test/photo/IMP-1964-09-14-a-i0232.jpg,6,6,7.779885,0.4550329
spanish,data/test/photo/EXP-2002-02-14-a-i0206.jpg,6,4,6.705784,0.48347157
spanish,data/test/photo/IMP-2008-03-18-a-i0121.jpg,6,7,11.439999,0.9299118
spanish,data/test/photo/IMP-1969-09-13-a-i0155.jpg,6,5,7.9141893,0.5188217
spanish,data/test/photo/EXP-1993-11-05-a-i0131.jpg,6,6,6.6038036,0.3490529
spanish,data/test/photo/IMP-2010-01-14-a-i0019.jpg,6,2,8.590345,0.4376072
spanish,data/test/photo/IMP-1913-07-31-a-i0020.jpg,6,6,8.257684,0.5994725
spanish,data/test/photo/IMP-1949-03-03-a-i0063.jpg,6,2,8.137217,0.67292225
spanish,data/test/photo/EXP-1987-03-11-a-i0009.jpg,6,6,8.931129,0.70885515
spanish,data/test/photo/GDL-1951-03-09-a-i0008.jpg,6,2,11.124056,0.40710348
spanish,data/test/photo/IMP-1973-02-06-a-i0033.jpg,6,0,5.778427,0.34860507
spanish,data/test/photo/IMP-1936-03-10-a-i0003.jpg,6,6,8.551765,0.6243565
spanish,data/test/photo/IMP-1929-08-10-a-i0004.jpg,6,2,9.275919,0.48489904
spanish,data/test/photo/JDG-1937-10-07-a-i0003.jpg,6,6,9.921458,0.756904
spanish,data/test/photo/IMP-1914-04-14-a-i0002.jpg,6,2,13.411526,0.8551823
spanish,data/test/photo/IMP-1926-12-28-a-i0009.jpg,6,6,5.1176963,0.43665418
spanish,data/test/photo/JDG-1959-09-30-a-i0045.jpg,6,1,9.122343,0.4107319
spanish,data/test/photo/IMP-2017-05-10-a-i0059.jpg,6,7,7.6898813,0.5372541
spanish,data/test/photo/EXP-1930-08-27-a-i0004.jpg,6,6,10.47562,0.8412061
spanish,data/test/photo/IMP-1949-04-14-a-i0055.jpg,6,6,8.520455,0.3621702
spanish,data/test/photo/EXP-1913-11-21-a-i0082.jpg,6,6,8.807993,0.62756884
spanish,data/test/photo/EXP-1940-06-14-a-i0005.jpg,6,0,10.011031,0.7972219
spanish,data/test/photo/EXP-1988-08-20-a-i0138.jpg,6,6,7.023703,0.36441022
spanish,data/test/photo/IMP-1963-09-05-a-i0007.jpg,6,7,9.93538,0.5327267
spanish,data/test/photo/IMP-1965-12-30-a-i0057.jpg,6,7,10.057077,0.6664076
spanish,data/test/photo/EXP-2007-12-27-a-i0146.jpg,6,1,7.9583387,0.81086534
spanish,data/test/photo/IMP-1980-11-07-a-i0383.jpg,6,1,16.45666,0.99985063
spanish,data/test/photo/EXP-2016-09-17-a-i0140.jpg,6,3,13.7692175,0.99971336
spanish,data/test/photo/IMP-1946-05-06-a-i0008.jpg,6,6,8.47245,0.7767891
spanish,data/test/photo/JDG-1978-12-19-a-i0056.jpg,6,6,10.466945,0.94070023
spanish,data/test/photo/IMP-2012-11-05-a-i0101.jpg,6,3,7.1516314,0.9397414
spanish,data/test/photo/EXP-1957-05-08-a-i0009.jpg,6,1,14.144008,0.9911075
spanish,data/test/photo/JDG-1958-01-11-a-i0079.jpg,6,6,9.304421,0.5448455
spanish,data/test/photo/IMP-1977-11-14-a-i0107.jpg,6,1,6.7713633,0.547214
spanish,data/test/photo/EXP-2010-07-14-a-i0108.jpg,6,5,5.7520037,0.593509
spanish,data/test/photo/LCE-1989-09-22-a-i0018.jpg,6,5,9.535749,0.5221106
spanish,data/test/photo/IMP-1982-06-11-a-i0227.jpg,6,1,9.2793255,0.517996
spanish,data/test/photo/IMP-1985-11-11-a-i0143.jpg,6,0,6.7148085,0.5338274
spanish,data/test/photo/EXP-1996-11-16-a-i0042.jpg,6,6,5.303596,0.5626182
spanish,data/test/photo/EXP-1987-08-13-a-i0007.jpg,6,7,11.071863,0.70742387
spanish,data/test/photo/GDL-1958-02-01-a-i0009.jpg,6,7,5.180338,0.38759148
spanish,data/test/photo/EXP-2000-01-31-a-i0255.jpg,6,2,7.3031197,0.4022466
spanish,data/test/photo/EXP-2000-10-18-a-i0167.jpg,6,7,10.238564,0.68899554
spanish,data/test/photo/IMP-1932-09-19-a-i0005.jpg,6,2,9.198969,0.68824387
spanish,data/test/photo/EXP-2001-03-16-a-i0237.jpg,6,1,8.000244,0.8526957
spanish,data/test/photo/JDG-1974-05-18-a-i0221.jpg,6,1,8.32077,0.8303958
spanish,data/test/photo/IMP-1982-07-02-a-i0242.jpg,6,2,5.015394,0.43041092
spanish,data/test/photo/IMP-1914-05-30-a-i0005.jpg,6,2,10.003692,0.4612172
spanish,data/test/photo/EXP-1914-06-02-a-i0100.jpg,6,0,13.426338,0.9469262
spanish,data/test/photo/EXP-1946-03-15-a-i0147.jpg,6,6,7.5067563,0.6715265
spanish,data/test/photo/GDL-1966-07-28-a-i0169.jpg,6,6,10.149679,0.8877886
spanish,data/test/photo/EXP-1970-06-20-a-i0575.jpg,6,7,13.147642,0.94236284
spanish,data/test/photo/JDG-1975-10-18-a-i0186.jpg,6,2,8.553587,0.6496219
spanish,data/test/photo/EXP-2006-08-03-a-i0195.jpg,6,2,5.945247,0.5526578
spanish,data/test/photo/IMP-1983-03-10-a-i0177.jpg,6,0,6.786775,0.6144679
spanish,data/test/photo/EXP-1912-07-13-a-i0109.jpg,6,2,8.767469,0.38201857
spanish,data/test/photo/IMP-1993-05-08-a-i0276.jpg,6,2,10.406994,0.77973795
spanish,data/test/photo/IMP-1963-07-24-a-i0171.jpg,6,7,8.168901,0.44684657
spanish,data/test/photo/IMP-2000-05-29-a-i0059.jpg,6,6,9.445345,0.95409733
spanish,data/test/photo/EXP-2010-05-04-a-i0036.jpg,6,6,8.271173,0.76055896
spanish,data/test/photo/EXP-1995-06-24-a-i0240.jpg,6,1,4.7618747,0.49255723
spanish,data/test/photo/EXP-1989-12-22-a-i0227.jpg,6,1,10.985864,0.99915004
spanish,data/test/photo/EXP-2007-07-26-a-i0207.jpg,6,7,5.270032,0.35644525
spanish,data/test/photo/IMP-2014-01-29-a-i0191.jpg,6,1,11.864245,0.99819165
spanish,data/test/photo/EXP-1938-03-31-a-i0087.jpg,6,2,10.133747,0.8639997
spanish,data/test/photo/EXP-1987-01-03-a-i0205.jpg,6,2,7.7272596,0.7588593
spanish,data/test/photo/EXP-1979-08-10-a-i0158.jpg,6,0,8.020756,0.52620155
spanish,data/test/photo/LCE-1978-10-27-a-i0067.jpg,6,0,9.28408,0.4115951
spanish,data/test/photo/IMP-1972-11-23-a-i0328.jpg,6,7,4.959347,0.30327716
spanish,data/test/photo/IMP-2015-06-19-a-i0017.jpg,6,7,9.053114,0.68951374
spanish,data/test/photo/IMP-2016-04-07-a-i0034.jpg,6,2,8.734697,0.5958068
spanish,data/test/photo/EXP-1937-04-29-a-i0053.jpg,6,2,10.415223,0.8976348
spanish,data/test/photo/EXP-2012-03-20-a-i0180.jpg,6,2,11.355778,0.7165916
spanish,data/test/photo/IMP-1956-01-23-a-i0034.jpg,6,6,10.690915,0.7020334
spanish,data/test/photo/IMP-1965-04-03-a-i0361.jpg,6,2,9.709555,0.57085484
spanish,data/test/photo/EXP-1971-09-15-a-i0392.jpg,6,0,8.277656,0.4171331
spanish,data/test/photo/JDG-1990-02-23-a-i0168.jpg,6,0,11.368488,0.8451113
spanish,data/test/photo/IMP-2015-06-23-a-i0053.jpg,6,2,9.241102,0.8685144
spanish,data/test/photo/IMP-1966-07-23-a-i0027.jpg,6,2,9.778629,0.56636566
spanish,data/test/photo/IMP-1986-09-08-a-i0222.jpg,6,6,8.332721,0.36790633
spanish,data/test/photo/EXP-2015-04-24-a-i0167.jpg,6,5,7.374224,0.47000605
spanish,data/test/photo/EXP-1999-12-02-a-i0140.jpg,6,7,8.108555,0.95095825
spanish,data/test/photo/EXP-1987-06-09-a-i0138.jpg,6,0,7.338195,0.3478945
spanish,data/test/photo/EXP-2015-02-05-a-i0115.jpg,6,4,8.437566,0.5661556
spanish,data/test/photo/EXP-1975-11-27-a-i0296.jpg,6,1,5.5629663,0.35879055
spanish,data/test/photo/GDL-1967-01-16-a-i0140.jpg,6,2,7.564585,0.39172494
spanish,data/test/photo/IMP-2016-08-05-a-i0071.jpg,6,4,3.9950316,0.4677467
spanish,data/test/photo/IMP-1938-03-17-a-i0003.jpg,6,2,9.907167,0.63332784
spanish,data/test/photo/JDG-1979-05-09-a-i0130.jpg,6,2,6.943126,0.38239074
spanish,data/test/photo/EXP-1988-06-27-a-i0026.jpg,6,1,6.843176,0.39106902
spanish,data/test/photo/IMP-1960-07-16-a-i0064.jpg,6,2,4.5813055,0.3780795
spanish,data/test/photo/IMP-2011-11-08-a-i0030.jpg,6,2,7.9389215,0.5878042
spanish,data/test/photo/IMP-2014-03-27-a-i0062.jpg,6,4,5.381157,0.3610735
spanish,data/test/photo/IMP-1959-03-13-a-i0169.jpg,6,2,8.79076,0.5225916
spanish,data/test/photo/EXP-1938-06-07-a-i0066.jpg,6,1,9.539553,0.86463183
spanish,data/test/photo/EXP-1931-12-17-a-i0121.jpg,6,2,11.099901,0.7385909
spanish,data/test/photo/EXP-2010-12-02-a-i0036.jpg,6,2,9.168424,0.66385216
spanish,data/test/photo/EXP-1964-05-26-a-i0222.jpg,6,2,8.974019,0.54447263
spanish,data/test/photo/IMP-1958-10-24-a-i0187.jpg,6,1,5.65172,0.28463355
spanish,data/test/photo/IMP-2008-02-13-a-i0010.jpg,6,7,7.226715,0.76460195
spanish,data/test/photo/JDG-1959-11-11-a-i0141.jpg,6,0,11.812728,0.97287863
spanish,data/test/photo/IMP-1949-12-22-a-i0014.jpg,6,6,8.4511385,0.84331155
spanish,data/test/photo/IMP-1940-06-22-a-i0008.jpg,6,6,9.792743,0.37049577
spanish,data/test/photo/EXP-1971-08-30-a-i0012.jpg,6,7,10.196787,0.7067465
spanish,data/test/photo/IMP-1999-05-27-a-i0288.jpg,6,7,7.0915284,0.48880553
spanish,data/test/photo/IMP-2002-11-08-a-i0065.jpg,6,6,8.928062,0.59761345
spanish,data/test/photo/EXP-1928-03-06-a-i0061.jpg,6,0,10.350574,0.7163062
spanish,data/test/photo/EXP-1945-12-13-a-i0079.jpg,6,0,8.211373,0.4059268
spanish,data/test/photo/EXP-1969-10-17-a-i0065.jpg,6,6,7.5670443,0.45392695
spanish,data/test/photo/EXP-1958-06-30-a-i0012.jpg,6,6,5.6414895,0.60389465
spanish,data/test/photo/IMP-1939-04-29-a-i0002.jpg,6,2,8.003947,0.6828589
spanish,data/test/photo/EXP-2012-02-11-a-i0244.jpg,6,6,3.9133198,0.57592803
spanish,data/test/photo/IMP-1998-07-13-a-i0062.jpg,6,2,7.7585545,0.338567
spanish,data/test/photo/EXP-1970-05-04-a-i0007.jpg,6,0,10.680229,0.6319424
spanish,data/test/photo/EXP-1994-08-23-a-i0129.jpg,6,7,9.832202,0.70896494
spanish,data/test/photo/IMP-1945-07-28-a-i0096.jpg,6,2,10.428208,0.81952494
spanish,data/test/photo/IMP-2012-05-18-a-i0083.jpg,6,3,7.971767,0.6263331
spanish,data/test/photo/IMP-1968-08-23-a-i0248.jpg,6,1,11.478121,0.9670205
spanish,data/test/photo/IMP-1944-09-14-a-i0067.jpg,6,0,10.029686,0.48662448
spanish,data/test/photo/JDG-1986-08-16-a-i0178.jpg,6,7,9.440987,0.50657094
spanish,data/test/photo/LCE-1969-02-14-a-i0005.jpg,6,0,10.223461,0.5073471
spanish,data/test/photo/EXP-2010-03-27-a-i0274.jpg,6,2,8.95756,0.9583004
spanish,data/test/photo/IMP-1969-10-06-a-i0157.jpg,6,6,5.8123784,0.42889264
spanish,data/test/photo/IMP-2017-07-05-a-i0077.jpg,6,2,10.566248,0.90584856
spanish,data/test/photo/JDG-1989-11-07-a-i0090.jpg,6,6,9.410006,0.6337178
spanish,data/test/photo/EXP-2012-06-13-a-i0167.jpg,6,2,12.705426,0.93283725
spanish,data/test/photo/EXP-2004-11-04-a-i0200.jpg,6,1,7.378812,0.6192671
spanish,data/test/photo/IMP-2013-04-30-a-i0141.jpg,6,3,9.858896,0.3832245
spanish,data/test/photo/EXP-1954-02-16-a-i0010.jpg,6,1,12.56999,0.99830014
spanish,data/test/photo/IMP-1976-03-11-a-i0063.jpg,6,6,7.8285627,0.37437925
spanish,data/test/photo/IMP-2016-03-02-a-i0381.jpg,6,2,5.1375256,0.47427937
spanish,data/test/photo/IMP-2009-05-04-a-i0182.jpg,6,7,6.11987,0.3971838
spanish,data/test/photo/EXP-1926-08-11-a-i0064.jpg,6,2,8.237635,0.6181831
spanish,data/test/photo/IMP-2012-06-27-a-i0062.jpg,6,2,8.355507,0.6147194
spanish,data/test/photo/EXP-1989-07-29-a-i0029.jpg,6,7,7.3998394,0.39593026
spanish,data/test/photo/EXP-1930-06-03-a-i0004.jpg,6,6,8.979702,0.5994479
