File Path,Prompt,Class Name,Predicted Text
../data/test/title/LCE-1913-01-08-a-i0015.jpg,<image>This image can be classified as a,title,title
../data/test/title/LCE-1911-12-06-a-i0016.jpg,<image>This image can be classified as a,title,unclas
../data/test/title/LCE-1948-06-09-a-i0015.jpg,<image>This image can be classified as a,title,unclas
../data/test/title/LCE-1943-01-27-a-i0017.jpg,<image>This image can be classified as a,title,unclas
../data/test/title/LCE-1907-08-14-a-i0009.jpg,<image>This image can be classified as a,title,title
../data/test/title/LCE-1952-02-27-a-i0002.jpg,<image>This image can be classified as a,title,unclas
../data/test/title/LCE-1906-02-03-a-i0003.jpg,<image>This image can be classified as a,title,title
../data/test/title/LCE-1912-11-23-a-i0020.jpg,<image>This image can be classified as a,title,unclas
../data/test/title/LCE-1913-02-15-a-i0009.jpg,<image>This image can be classified as a,title,title
../data/test/title/LCE-1913-03-01-a-i0008.jpg,<image>This image can be classified as a,title,title
../data/test/title/LCE-1910-04-27-a-i0002.jpg,<image>This image can be classified as a,title,unclas
../data/test/title/LCE-1942-01-02-a-i0012.jpg,<image>This image can be classified as a,title,title
../data/test/title/LCE-1908-10-07-a-i0011.jpg,<image>This image can be classified as a,title,unclas
../data/test/title/LCE-1904-07-02-a-i0002.jpg,<image>This image can be classified as a,title,title
../data/test/title/LCE-1923-03-09-a-i0051.jpg,<image>This image can be classified as a,title,unclas
../data/test/title/LCE-1907-01-01-a-i0016.jpg,<image>This image can be classified as a,title,unclas
../data/test/title/LCE-1912-10-19-a-i0010.jpg,<image>This image can be classified as a,title,unclas
../data/test/title/LCE-1904-06-15-a-i0019.jpg,<image>This image can be classified as a,title,unclas
../data/test/title/LCE-1933-05-03-a-i0012.jpg,<image>This image can be classified as a,title,unclas
../data/test/title/LCE-1948-09-17-a-i0020.jpg,<image>This image can be classified as a,title,unclas
../data/test/title/LCE-1911-10-18-a-i0084.jpg,<image>This image can be classified as a,title,unclas
../data/test/title/LCE-1908-03-07-a-i0008.jpg,<image>This image can be classified as a,title,unclas
../data/test/title/LCE-1933-10-09-a-i0017.jpg,<image>This image can be classified as a,title,unclas
../data/test/title/LCE-1949-12-19-a-i0016.jpg,<image>This image can be classified as a,title,title
../data/test/title/LCE-1909-05-01-a-i0001.jpg,<image>This image can be classified as a,title,title
../data/test/title/LCE-1944-03-31-a-i0017.jpg,<image>This image can be classified as a,title,unclas
../data/test/title/LCE-1908-08-05-a-i0017.jpg,<image>This image can be classified as a,title,unclas
../data/test/title/LCE-1935-06-10-a-i0011.jpg,<image>This image can be classified as a,title,unclas
../data/test/title/LCE-1906-03-14-a-i0020.jpg,<image>This image can be classified as a,title,title
../data/test/title/LCE-1943-01-27-a-i0008.jpg,<image>This image can be classified as a,title,unclas
../data/test/title/LCE-1900-08-29-a-i0011.jpg,<image>This image can be classified as a,title,unclas
../data/test/title/LCE-1915-04-07-a-i0012.jpg,<image>This image can be classified as a,title,unclas
../data/test/title/LCE-1908-01-22-a-i0011_2.jpg,<image>This image can be classified as a,title,unclas
../data/test/title/LCE-1911-10-18-a-i0002.jpg,<image>This image can be classified as a,title,title
../data/test/title/LCE-1919-12-12-a-i0013.jpg,<image>This image can be classified as a,title,unclas
../data/test/title/LCE-1958-06-16-a-i0011.jpg,<image>This image can be classified as a,title,photo
../data/test/title/LCE-1903-04-15-a-i0005.jpg,<image>This image can be classified as a,title,title
../data/test/title/LCE-1906-07-25-a-i0010.jpg,<image>This image can be classified as a,title,unclas
../data/test/title/LCE-1912-10-12-a-i0009.jpg,<image>This image can be classified as a,title,unclas
../data/test/title/LCE-1915-12-08-a-i0013.jpg,<image>This image can be classified as a,title,unclas
../data/test/title/LCE-1932-07-15-a-i0019.jpg,<image>This image can be classified as a,title,unclas
../data/test/title/LCE-1900-03-17-a-i0006.jpg,<image>This image can be classified as a,title,title
../data/test/title/LCE-1914-05-11-a-i0016.jpg,<image>This image can be classified as a,title,title
../data/test/title/LCE-1907-12-28-a-i0001.jpg,<image>This image can be classified as a,title,title
../data/test/title/LCE-1933-09-15-a-i0015.jpg,<image>This image can be classified as a,title,title
../data/test/title/LCE-1919-07-12-a-i0020.jpg,<image>This image can be classified as a,title,unclas
../data/test/title/LCE-1905-04-08-a-i0010.jpg,<image>This image can be classified as a,title,logo
../data/test/title/LCE-1950-02-24-a-i0001.jpg,<image>This image can be classified as a,title,unclas
../data/test/title/LCE-1914-05-01-a-i0002.jpg,<image>This image can be classified as a,title,unclas
../data/test/title/LCE-1920-12-03-a-i0084.jpg,<image>This image can be classified as a,title,title
../data/test/title/LCE-1941-08-18-a-i0015.jpg,<image>This image can be classified as a,title,unclas
../data/test/title/LCE-1942-05-20-a-i0019.jpg,<image>This image can be classified as a,title,unclas
../data/test/title/LCE-1908-09-26-a-i0010.jpg,<image>This image can be classified as a,title,title
../data/test/title/LCE-1908-03-28-a-i0012.jpg,<image>This image can be classified as a,title,unclas
../data/test/title/LCE-1914-07-10-a-i0015.jpg,<image>This image can be classified as a,title,title
../data/test/title/LCE-1921-12-09-a-i0059.jpg,<image>This image can be classified as a,title,unclas
../data/test/title/LCE-1915-04-17-a-i0011.jpg,<image>This image can be classified as a,title,unclas
../data/test/title/LCE-1904-01-20-a-i0002.jpg,<image>This image can be classified as a,title,title
../data/test/title/LCE-1914-06-19-a-i0015.jpg,<image>This image can be classified as a,title,title
../data/test/title/LCE-1901-02-16-a-i0011.jpg,<image>This image can be classified as a,title,unclas
../data/test/title/LCE-1931-05-08-a-i0014.jpg,<image>This image can be classified as a,title,title
../data/test/title/LCE-1926-12-24-a-i0057.jpg,<image>This image can be classified as a,title,title
../data/test/title/LCE-1942-01-21-a-i0014.jpg,<image>This image can be classified as a,title,title
../data/test/title/LCE-1914-05-15-a-i0014.jpg,<image>This image can be classified as a,title,title
../data/test/title/LCE-1953-06-26-a-i0014.jpg,<image>This image can be classified as a,title,unclas
../data/test/title/LCE-1952-05-02-a-i0002.jpg,<image>This image can be classified as a,title,title
../data/test/title/LCE-1901-06-01-a-i0012.jpg,<image>This image can be classified as a,title,title
../data/test/title/LCE-1909-08-11-a-i0007_2.jpg,<image>This image can be classified as a,title,unclas
../data/test/title/LCE-1910-04-02-a-i0009.jpg,<image>This image can be classified as a,title,title
../data/test/title/LCE-1904-03-09-a-i0001.jpg,<image>This image can be classified as a,title,unclas
../data/test/title/LCE-1904-07-27-a-i0010.jpg,<image>This image can be classified as a,title,title
../data/test/title/LCE-1906-06-09-a-i0002.jpg,<image>This image can be classified as a,title,title
../data/test/title/LCE-1906-06-06-a-i0018.jpg,<image>This image can be classified as a,title,unclas
../data/test/title/LCE-1906-10-13-a-i0019.jpg,<image>This image can be classified as a,title,unclas
../data/test/title/LCE-1931-07-10-a-i0012.jpg,<image>This image can be classified as a,title,unclas
../data/test/title/LCE-1933-02-01-a-i0009.jpg,<image>This image can be classified as a,title,unclas
../data/test/title/LCE-1913-04-09-a-i0015.jpg,<image>This image can be classified as a,title,title
../data/test/title/LCE-1910-12-31-a-i0018.jpg,<image>This image can be classified as a,title,unclas
../data/test/title/LCE-1902-02-19-a-i0007.jpg,<image>This image can be classified as a,title,title
../data/test/title/LCE-1948-04-05-a-i0009.jpg,<image>This image can be classified as a,title,unclas
../data/test/map/GDL-1991-06-01-a-i0298.jpg,<image>This image can be classified as a,map,unclas
../data/test/map/EXP-1992-02-14-a-i0439_3.jpg,<image>This image can be classified as a,map,map
../data/test/map/JDG-1940-03-08-a-i0008.jpg,<image>This image can be classified as a,map,map
../data/test/map/EXP-1957-07-04-a-i0103_2.jpg,<image>This image can be classified as a,map,unclas
../data/test/map/EXP-1979-10-23-a-i0132_2.jpg,<image>This image can be classified as a,map,unclas
../data/test/map/IMP-1960-01-16-a-i0024.jpg,<image>This image can be classified as a,map,map
../data/test/map/EXP-2003-09-29-a-i0014.jpg,<image>This image can be classified as a,map,map
../data/test/map/GDL-1907-04-02-a-i0069.jpg,<image>This image can be classified as a,map,unclas
../data/test/map/JDG-1959-02-02-a-i0018.jpg,<image>This image can be classified as a,map,map
../data/test/map/GDL-1950-05-17-a-i0056.jpg,<image>This image can be classified as a,map,map
../data/test/map/EXP-2017-08-02-a-i0209.jpg,<image>This image can be classified as a,map,unclas
../data/test/map/GDL-1918-12-02-a-i0002.jpg,<image>This image can be classified as a,map,map
../data/test/map/EXP-2009-01-31-a-i0302_2.jpg,<image>This image can be classified as a,map,unclas
../data/test/map/LCE-1998-03-06-a-i0015_2.jpg,<image>This image can be classified as a,map,unclas
../data/test/map/GDL-1941-07-15-a-i0121.jpg,<image>This image can be classified as a,map,map
../data/test/map/JDG-1987-04-10-a-i0203_2.jpg,<image>This image can be classified as a,map,map
../data/test/logo/JDG-1925-08-29-a-i0041.jpg,<image>This image can be classified as a,logo,logo
../data/test/logo/JDG-1977-12-17-a-i0244.jpg,<image>This image can be classified as a,logo,unclas
../data/test/logo/LCE-1977-11-18-a-i0010.jpg,<image>This image can be classified as a,logo,unclas
../data/test/logo/EXP-1979-05-04-a-i0025.jpg,<image>This image can be classified as a,logo,logo
../data/test/logo/LCE-1952-08-29-a-i0021.jpg,<image>This image can be classified as a,logo,logo
../data/test/logo/LCE-1939-02-22-a-i0036.jpg,<image>This image can be classified as a,logo,photo
../data/test/logo/LCE-1981-02-17-a-i0063_2.jpg,<image>This image can be classified as a,logo,logo
../data/test/logo/IMP-1979-12-27-a-i0050.jpg,<image>This image can be classified as a,logo,unclas
../data/test/logo/JDG-1907-11-03-a-i0012.jpg,<image>This image can be classified as a,logo,logo
../data/test/logo/IMP-1973-01-30-a-i0025.jpg,<image>This image can be classified as a,logo,unclas
../data/test/logo/LCE-1909-05-26-a-i0023.jpg,<image>This image can be classified as a,logo,logo
../data/test/logo/GDL-1978-02-27-a-i0145.jpg,<image>This image can be classified as a,logo,unclas
../data/test/logo/JDG-1909-10-12-a-i0099.jpg,<image>This image can be classified as a,logo,unclas
../data/test/logo/IMP-1915-06-08-a-i0031.jpg,<image>This image can be classified as a,logo,unclas
../data/test/logo/LCE-1924-03-03-a-i0033.jpg,<image>This image can be classified as a,logo,unclas
../data/test/logo/EXP-1923-03-21-a-i0023.jpg,<image>This image can be classified as a,logo,unclas
../data/test/logo/JDG-1907-12-13-a-i0050.jpg,<image>This image can be classified as a,logo,unclas
../data/test/logo/LCE-1970-06-23-a-i0095_2.jpg,<image>This image can be classified as a,logo,unclas
../data/test/logo/IMP-1980-04-03-a-i0263.jpg,<image>This image can be classified as a,logo,unclas
../data/test/logo/LCE-1903-12-23-a-i0048.jpg,<image>This image can be classified as a,logo,comic
../data/test/logo/LCE-1952-05-16-a-i0010.jpg,<image>This image can be classified as a,logo,unclas
../data/test/logo/EXP-1966-11-11-a-i0429.jpg,<image>This image can be classified as a,logo,title
../data/test/logo/LCE-1908-11-04-a-i0048.jpg,<image>This image can be classified as a,logo,unclas
../data/test/logo/IMP-1915-03-27-a-i0043.jpg,<image>This image can be classified as a,logo,unclas
../data/test/logo/LCE-1929-06-14-a-i0044.jpg,<image>This image can be classified as a,logo,unclas
../data/test/logo/EXP-2003-01-31-a-i0051.jpg,<image>This image can be classified as a,logo,unclas
../data/test/logo/LCE-1904-11-26-a-i0031.jpg,<image>This image can be classified as a,logo,unclas
../data/test/logo/EXP-2017-10-24-a-i0150.jpg,<image>This image can be classified as a,logo,unclas
../data/test/logo/IMP-2016-11-03-a-i0254.jpg,<image>This image can be classified as a,logo,logo
../data/test/logo/LCE-1970-04-14-a-i0026.jpg,<image>This image can be classified as a,logo,unclas
../data/test/logo/IMP-2014-01-03-a-i0088.jpg,<image>This image can be classified as a,logo,logo
../data/test/logo/LCE-1952-05-09-a-i0053_2.jpg,<image>This image can be classified as a,logo,unclas
../data/test/logo/EXP-2005-11-16-a-i0232_2.jpg,<image>This image can be classified as a,logo,photo
../data/test/logo/GDL-1965-04-27-a-i0119.jpg,<image>This image can be classified as a,logo,unclas
../data/test/logo/JDG-1982-07-05-a-i0042.jpg,<image>This image can be classified as a,logo,unclas
../data/test/logo/EXP-2016-03-11-a-i0182.jpg,<image>This image can be classified as a,logo,logo
../data/test/logo/EXP-1906-02-05-a-i0060.jpg,<image>This image can be classified as a,logo,unclas
../data/test/logo/LCE-1903-11-04-a-i0027.jpg,<image>This image can be classified as a,logo,logo
../data/test/logo/IMP-1963-03-12-a-i0199.jpg,<image>This image can be classified as a,logo,unclas
../data/test/logo/JDG-1970-04-09-a-i0185.jpg,<image>This image can be classified as a,logo,unclas
../data/test/logo/IMP-1996-03-27-a-i0210_2.jpg,<image>This image can be classified as a,logo,unclas
../data/test/logo/LCE-1923-06-22-a-i0016.jpg,<image>This image can be classified as a,logo,unclas
../data/test/logo/EXP-1953-05-30-a-i0157.jpg,<image>This image can be classified as a,logo,logo
../data/test/logo/LCE-1975-02-14-a-i0004.jpg,<image>This image can be classified as a,logo,logo
../data/test/logo/IMP-1990-08-22-a-i0508.jpg,<image>This image can be classified as a,logo,logo
../data/test/game/IMP-2002-05-06-a-i0141.jpg,<image>This image can be classified as a,game,unclas
../data/test/game/GDL-1926-07-12-a-i0063_2.jpg,<image>This image can be classified as a,game,unclas
../data/test/game/IMP-2008-10-15-a-i0133_3.jpg,<image>This image can be classified as a,game,unclas
../data/test/game/IMP-1985-07-06-a-i0063.jpg,<image>This image can be classified as a,game,unclas
../data/test/game/EXP-1936-02-14-a-i0035.jpg,<image>This image can be classified as a,game,game
../data/test/game/GDL-1971-03-06-a-i0329.jpg,<image>This image can be classified as a,game,game
../data/test/game/EXP-1939-12-13-a-i0083.jpg,<image>This image can be classified as a,game,unclas
../data/test/game/JDG-1974-09-14-a-i0221.jpg,<image>This image can be classified as a,game,unclas
../data/test/game/JDG-1943-06-09-a-i0074.jpg,<image>This image can be classified as a,game,unclas
../data/test/game/EXP-1996-12-30-a-i0048.jpg,<image>This image can be classified as a,game,unclas
../data/test/game/IMP-1958-06-25-a-i0118.jpg,<image>This image can be classified as a,game,unclas
../data/test/game/EXP-1981-09-01-a-i0332_3.jpg,<image>This image can be classified as a,game,comic
../data/test/game/JDG-1942-06-09-a-i0052.jpg,<image>This image can be classified as a,game,game
../data/test/game/GDL-1958-03-15-a-i0317.jpg,<image>This image can be classified as a,game,unclas
../data/test/game/IMP-1973-09-01-a-i0208.jpg,<image>This image can be classified as a,game,unclas
../data/test/game/IMP-1981-10-23-a-i0114.jpg,<image>This image can be classified as a,game,unclas
../data/test/game/EXP-2013-08-14-a-i0109.jpg,<image>This image can be classified as a,game,unclas
../data/test/game/EXP-2011-10-25-a-i0292.jpg,<image>This image can be classified as a,game,unclas
../data/test/game/IMP-1989-07-01-a-i0086_3.jpg,<image>This image can be classified as a,game,unclas
../data/test/game/EXP-1956-03-05-a-i0103.jpg,<image>This image can be classified as a,game,unclas
../data/test/game/IMP-2017-11-18-a-i0260.jpg,<image>This image can be classified as a,game,unclas
../data/test/game/EXP-2000-11-14-a-i0347_2.jpg,<image>This image can be classified as a,game,unclas
../data/test/game/EXP-2014-07-11-a-i0125.jpg,<image>This image can be classified as a,game,unclas
../data/test/game/EXP-1976-05-15-a-i0373.jpg,<image>This image can be classified as a,game,unclas
../data/test/game/GDL-1938-09-18-a-i0054.jpg,<image>This image can be classified as a,game,unclas
../data/test/game/IMP-1973-10-31-a-i0019.jpg,<image>This image can be classified as a,game,unclas
../data/test/game/JDG-1988-01-20-a-i0172.jpg,<image>This image can be classified as a,game,unclas
../data/test/game/EXP-2017-07-07-a-i0104.jpg,<image>This image can be classified as a,game,unclas
../data/test/game/EXP-1967-09-29-a-i0450_2.jpg,<image>This image can be classified as a,game,unclas
../data/test/game/GDL-1964-05-30-a-i0320.jpg,<image>This image can be classified as a,game,unclas
../data/test/game/EXP-1965-10-04-a-i0242.jpg,<image>This image can be classified as a,game,unclas
../data/test/game/JDG-1987-11-06-a-i0201.jpg,<image>This image can be classified as a,game,game
../data/test/game/JDG-1936-02-07-a-i0064.jpg,<image>This image can be classified as a,game,unclas
../data/test/game/EXP-1959-02-20-a-i0098.jpg,<image>This image can be classified as a,game,unclas
../data/test/game/GDL-1974-11-02-a-i0180_9.jpg,<image>This image can be classified as a,game,graph
../data/test/game/GDL-1915-07-04-a-i0099.jpg,<image>This image can be classified as a,game,unclas
../data/test/game/IMP-1967-05-03-a-i0276.jpg,<image>This image can be classified as a,game,unclas
../data/test/game/JDG-1974-05-18-a-i0221_2.jpg,<image>This image can be classified as a,game,game
../data/test/game/JDG-1947-12-27-a-i0052.jpg,<image>This image can be classified as a,game,unclas
../data/test/game/EXP-1972-06-12-a-i0345_2.jpg,<image>This image can be classified as a,game,unclas
../data/test/game/GDL-1964-05-30-a-i0320_6.jpg,<image>This image can be classified as a,game,game
../data/test/game/GDL-1961-04-08-a-i0326.jpg,<image>This image can be classified as a,game,game
../data/test/game/EXP-1981-09-01-a-i0332.jpg,<image>This image can be classified as a,game,unclas
../data/test/game/EXP-2009-03-18-a-i0136.jpg,<image>This image can be classified as a,game,unclas
../data/test/game/IMP-1941-10-18-a-i0034.jpg,<image>This image can be classified as a,game,unclas
../data/test/photo/EXP-1929-08-19-a-i0011.jpg,<image>This image can be classified as a,photo,unclas
../data/test/photo/IMP-1977-11-14-a-i0107.jpg,<image>This image can be classified as a,photo,photo
../data/test/photo/EXP-2012-03-20-a-i0180.jpg,<image>This image can be classified as a,photo,unclas
../data/test/photo/IMP-1915-05-01-a-i0007.jpg,<image>This image can be classified as a,photo,unclas
../data/test/photo/GDL-1928-01-12-a-i0003.jpg,<image>This image can be classified as a,photo,photo
../data/test/photo/IMP-1976-06-14-a-i0140.jpg,<image>This image can be classified as a,photo,photo
../data/test/photo/IMP-2015-06-19-a-i0017.jpg,<image>This image can be classified as a,photo,photo
../data/test/photo/IMP-2017-05-10-a-i0059.jpg,<image>This image can be classified as a,photo,photo
../data/test/photo/IMP-1944-04-03-a-i0005.jpg,<image>This image can be classified as a,photo,unclas
../data/test/photo/IMP-2010-08-14-a-i0188.jpg,<image>This image can be classified as a,photo,photo
../data/test/photo/LCE-1989-09-22-a-i0018.jpg,<image>This image can be classified as a,photo,photo
../data/test/photo/IMP-1913-07-31-a-i0020.jpg,<image>This image can be classified as a,photo,unclas
../data/test/photo/EXP-1967-08-21-a-i0234.jpg,<image>This image can be classified as a,photo,photo
../data/test/photo/LCE-1970-07-28-a-i0070.jpg,<image>This image can be classified as a,photo,photo
../data/test/photo/EXP-2012-06-14-a-i0072.jpg,<image>This image can be classified as a,photo,photo
../data/test/photo/JDG-1945-02-16-a-i0075_2.jpg,<image>This image can be classified as a,photo,unclas
../data/test/photo/IMP-1997-08-09-a-i0216.jpg,<image>This image can be classified as a,photo,unclas
../data/test/photo/EXP-1971-12-02-a-i0451.jpg,<image>This image can be classified as a,photo,photo
../data/test/photo/EXP-1971-08-30-a-i0012.jpg,<image>This image can be classified as a,photo,photo
../data/test/photo/EXP-1913-03-10-a-i0089.jpg,<image>This image can be classified as a,photo,photo
../data/test/photo/GDL-1940-07-31-a-i0068.jpg,<image>This image can be classified as a,photo,unclas
../data/test/photo/IMP-1972-04-20-a-i0026.jpg,<image>This image can be classified as a,photo,logo
../data/test/photo/IMP-1981-01-08-a-i0013.jpg,<image>This image can be classified as a,photo,unclas
../data/test/photo/EXP-1940-12-13-a-i0002.jpg,<image>This image can be classified as a,photo,photo
../data/test/photo/EXP-1940-06-14-a-i0005.jpg,<image>This image can be classified as a,photo,unclas
../data/test/photo/EXP-2010-12-02-a-i0036.jpg,<image>This image can be classified as a,photo,photo
../data/test/photo/EXP-2007-10-16-a-i0176.jpg,<image>This image can be classified as a,photo,unclas
../data/test/photo/IMP-2012-11-05-a-i0101.jpg,<image>This image can be classified as a,photo,unclas
../data/test/photo/IMP-1990-10-02-a-i0036.jpg,<image>This image can be classified as a,photo,photo
../data/test/photo/JDG-1979-05-09-a-i0130.jpg,<image>This image can be classified as a,photo,unclas
../data/test/photo/EXP-1957-05-08-a-i0009.jpg,<image>This image can be classified as a,photo,photo
../data/test/photo/JDG-1959-11-11-a-i0141.jpg,<image>This image can be classified as a,photo,photo
../data/test/photo/IMP-2010-01-14-a-i0019.jpg,<image>This image can be classified as a,photo,unclas
../data/test/photo/IMP-1969-09-13-a-i0155.jpg,<image>This image can be classified as a,photo,photo
../data/test/photo/EXP-1966-02-18-a-i0473.jpg,<image>This image can be classified as a,photo,photo
../data/test/photo/IMP-1980-11-07-a-i0383.jpg,<image>This image can be classified as a,photo,unclas
../data/test/photo/IMP-1969-10-06-a-i0157.jpg,<image>This image can be classified as a,photo,photo
../data/test/photo/IMP-1949-12-22-a-i0014.jpg,<image>This image can be classified as a,photo,photo
../data/test/photo/EXP-1999-02-26-a-i0228.jpg,<image>This image can be classified as a,photo,photo
../data/test/photo/EXP-1929-04-20-a-i0006.jpg,<image>This image can be classified as a,photo,unclas
../data/test/photo/IMP-1961-09-04-a-i0048.jpg,<image>This image can be classified as a,photo,photo
../data/test/photo/IMP-1961-09-08-a-i0166.jpg,<image>This image can be classified as a,photo,photo
../data/test/photo/IMP-2016-03-02-a-i0381.jpg,<image>This image can be classified as a,photo,photo
../data/test/photo/IMP-1982-06-11-a-i0227.jpg,<image>This image can be classified as a,photo,photo
../data/test/photo/IMP-1914-04-14-a-i0002.jpg,<image>This image can be classified as a,photo,unclas
../data/test/photo/JDG-1990-05-08-a-i0116.jpg,<image>This image can be classified as a,photo,photo
../data/test/photo/EXP-1988-06-27-a-i0026.jpg,<image>This image can be classified as a,photo,photo
../data/test/photo/EXP-1975-11-27-a-i0296.jpg,<image>This image can be classified as a,photo,photo
../data/test/photo/JDG-1989-11-07-a-i0090.jpg,<image>This image can be classified as a,photo,photo
../data/test/photo/IMP-2006-03-11-a-i0243.jpg,<image>This image can be classified as a,photo,unclas
../data/test/photo/IMP-2012-06-27-a-i0062.jpg,<image>This image can be classified as a,photo,unclas
../data/test/photo/EXP-1993-11-12-a-i0261.jpg,<image>This image can be classified as a,photo,unclas
../data/test/photo/JDG-1937-11-19-a-i0106.jpg,<image>This image can be classified as a,photo,photo
../data/test/photo/LCE-1969-07-09-a-i0083.jpg,<image>This image can be classified as a,photo,photo
../data/test/photo/IMP-1945-05-09-a-i0006.jpg,<image>This image can be classified as a,photo,unclas
../data/test/photo/IMP-1943-06-05-a-i0002.jpg,<image>This image can be classified as a,photo,photo
../data/test/photo/JDG-1943-09-20-a-i0023.jpg,<image>This image can be classified as a,photo,photo
../data/test/photo/EXP-1962-02-01-a-i0167.jpg,<image>This image can be classified as a,photo,photo
../data/test/photo/JDG-1945-04-11-a-i0005.jpg,<image>This image can be classified as a,photo,unclas
../data/test/photo/EXP-2005-01-21-a-i0307.jpg,<image>This image can be classified as a,photo,unclas
../data/test/photo/IMP-1960-07-16-a-i0064.jpg,<image>This image can be classified as a,photo,photo
../data/test/photo/EXP-1925-02-14-a-i0084.jpg,<image>This image can be classified as a,photo,photo
../data/test/photo/EXP-1996-09-14-a-i0295.jpg,<image>This image can be classified as a,photo,photo
../data/test/photo/LCE-1970-06-23-a-i0095.jpg,<image>This image can be classified as a,photo,unclas
../data/test/photo/EXP-2014-01-10-a-i0101_2.jpg,<image>This image can be classified as a,photo,photo
../data/test/photo/EXP-1936-12-25-a-i0104.jpg,<image>This image can be classified as a,photo,unclas
../data/test/photo/EXP-1938-12-12-a-i0119.jpg,<image>This image can be classified as a,photo,photo
../data/test/photo/LCE-1974-11-05-a-i0010.jpg,<image>This image can be classified as a,photo,photo
../data/test/photo/IMP-2015-06-29-a-i0115.jpg,<image>This image can be classified as a,photo,photo
../data/test/photo/IMP-1946-05-06-a-i0008.jpg,<image>This image can be classified as a,photo,unclas
../data/test/photo/EXP-2007-06-21-a-i0331.jpg,<image>This image can be classified as a,photo,photo
../data/test/photo/EXP-1950-03-31-a-i0008.jpg,<image>This image can be classified as a,photo,photo
../data/test/photo/IMP-1958-10-24-a-i0187.jpg,<image>This image can be classified as a,photo,photo
../data/test/photo/EXP-1978-11-11-a-i0510.jpg,<image>This image can be classified as a,photo,unclas
../data/test/photo/EXP-1957-02-04-a-i0014.jpg,<image>This image can be classified as a,photo,photo
../data/test/photo/IMP-1967-04-21-a-i0279.jpg,<image>This image can be classified as a,photo,photo
../data/test/photo/EXP-1940-07-24-a-i0012.jpg,<image>This image can be classified as a,photo,photo
../data/test/photo/JDG-1945-02-16-a-i0075.jpg,<image>This image can be classified as a,photo,unclas
../data/test/photo/IMP-1928-07-27-a-i0003.jpg,<image>This image can be classified as a,photo,photo
../data/test/photo/EXP-1987-06-09-a-i0138.jpg,<image>This image can be classified as a,photo,photo
../data/test/photo/IMP-2002-06-13-a-i0314.jpg,<image>This image can be classified as a,photo,unclas
../data/test/photo/IMP-1956-01-23-a-i0034.jpg,<image>This image can be classified as a,photo,unclas
../data/test/photo/IMP-1939-04-29-a-i0002.jpg,<image>This image can be classified as a,photo,logo
../data/test/photo/GDL-1951-03-09-a-i0008.jpg,<image>This image can be classified as a,photo,photo
../data/test/photo/EXP-2006-08-03-a-i0195.jpg,<image>This image can be classified as a,photo,unclas
../data/test/photo/EXP-2003-04-09-a-i0164.jpg,<image>This image can be classified as a,photo,photo
../data/test/photo/IMP-1998-07-13-a-i0062.jpg,<image>This image can be classified as a,photo,photo
../data/test/photo/IMP-1936-03-10-a-i0003.jpg,<image>This image can be classified as a,photo,photo
../data/test/photo/JDG-1941-10-29-a-i0004.jpg,<image>This image can be classified as a,photo,photo
../data/test/photo/EXP-1941-04-19-a-i0003.jpg,<image>This image can be classified as a,photo,photo
../data/test/photo/IMP-1936-05-11-a-i0011.jpg,<image>This image can be classified as a,photo,unclas
../data/test/photo/EXP-2004-11-29-a-i0091.jpg,<image>This image can be classified as a,photo,photo
../data/test/photo/GDL-1985-09-04-a-i0027.jpg,<image>This image can be classified as a,photo,unclas
../data/test/photo/GDL-1927-10-20-a-i0005.jpg,<image>This image can be classified as a,photo,photo
../data/test/photo/IMP-2005-05-30-a-i0078.jpg,<image>This image can be classified as a,photo,photo
../data/test/photo/IMP-1964-09-14-a-i0232.jpg,<image>This image can be classified as a,photo,photo
../data/test/photo/IMP-1938-02-02-a-i0008.jpg,<image>This image can be classified as a,photo,unclas
../data/test/photo/IMP-2016-04-07-a-i0034.jpg,<image>This image can be classified as a,photo,photo
../data/test/photo/GDL-1925-12-14-a-i0044.jpg,<image>This image can be classified as a,photo,photo
../data/test/photo/EXP-1956-04-06-a-i0012.jpg,<image>This image can be classified as a,photo,photo
../data/test/photo/EXP-2016-03-22-a-i0009.jpg,<image>This image can be classified as a,photo,unclas
../data/test/photo/EXP-2011-06-01-a-i0189.jpg,<image>This image can be classified as a,photo,unclas
../data/test/photo/IMP-2001-08-24-a-i0185.jpg,<image>This image can be classified as a,photo,photo
../data/test/photo/EXP-2007-09-04-a-i0328.jpg,<image>This image can be classified as a,photo,unclas
../data/test/photo/IMP-1913-01-18-a-i0043.jpg,<image>This image can be classified as a,photo,photo
../data/test/photo/IMP-1948-10-02-a-i0104.jpg,<image>This image can be classified as a,photo,photo
../data/test/photo/EXP-1968-07-02-a-i0132.jpg,<image>This image can be classified as a,photo,photo
../data/test/photo/IMP-1944-08-08-a-i0008.jpg,<image>This image can be classified as a,photo,photo
../data/test/photo/EXP-1988-05-07-a-i0236.jpg,<image>This image can be classified as a,photo,photo
../data/test/photo/LCE-1969-01-09-a-i0002.jpg,<image>This image can be classified as a,photo,photo
../data/test/photo/IMP-1943-02-06-a-i0003_3.jpg,<image>This image can be classified as a,photo,photo
../data/test/photo/IMP-2002-11-08-a-i0065.jpg,<image>This image can be classified as a,photo,photo
../data/test/photo/EXP-2007-12-27-a-i0146.jpg,<image>This image can be classified as a,photo,photo
../data/test/photo/EXP-2003-10-16-a-i0129.jpg,<image>This image can be classified as a,photo,unclas
../data/test/photo/GDL-1993-03-13-a-i0130.jpg,<image>This image can be classified as a,photo,photo
../data/test/photo/EXP-1928-11-07-a-i0065.jpg,<image>This image can be classified as a,photo,photo
../data/test/photo/EXP-2009-06-27-a-i0182.jpg,<image>This image can be classified as a,photo,photo
../data/test/photo/IMP-1965-12-30-a-i0057.jpg,<image>This image can be classified as a,photo,unclas
../data/test/photo/EXP-1965-12-16-a-i0130.jpg,<image>This image can be classified as a,photo,photo
../data/test/photo/IMP-1926-12-28-a-i0009.jpg,<image>This image can be classified as a,photo,unclas
../data/test/photo/IMP-1969-10-08-a-i0121.jpg,<image>This image can be classified as a,photo,unclas
../data/test/photo/LCE-1988-01-12-a-i0057.jpg,<image>This image can be classified as a,photo,photo
../data/test/photo/EXP-2012-06-13-a-i0167.jpg,<image>This image can be classified as a,photo,unclas
../data/test/photo/IMP-1968-02-01-a-i0304.jpg,<image>This image can be classified as a,photo,photo
../data/test/photo/IMP-2008-02-13-a-i0283.jpg,<image>This image can be classified as a,photo,unclas
../data/test/photo/EXP-1972-07-26-a-i0286.jpg,<image>This image can be classified as a,photo,photo
../data/test/photo/EXP-1962-08-21-a-i0108.jpg,<image>This image can be classified as a,photo,photo
../data/test/photo/EXP-2000-01-31-a-i0255.jpg,<image>This image can be classified as a,photo,unclas
../data/test/photo/JDG-1975-10-18-a-i0186.jpg,<image>This image can be classified as a,photo,unclas
../data/test/photo/JDG-1937-11-21-a-i0098.jpg,<image>This image can be classified as a,photo,photo
../data/test/photo/EXP-2000-10-18-a-i0167.jpg,<image>This image can be classified as a,photo,photo
../data/test/photo/EXP-1988-08-20-a-i0138.jpg,<image>This image can be classified as a,photo,photo
../data/test/photo/JDG-1969-07-12-a-i0114.jpg,<image>This image can be classified as a,photo,photo
../data/test/photo/EXP-2002-02-14-a-i0206.jpg,<image>This image can be classified as a,photo,unclas
../data/test/photo/IMP-1941-08-29-a-i0071.jpg,<image>This image can be classified as a,photo,unclas
../data/test/photo/EXP-1940-11-05-a-i0011.jpg,<image>This image can be classified as a,photo,unclas
../data/test/photo/IMP-2004-06-19-a-i0149.jpg,<image>This image can be classified as a,photo,unclas
../data/test/photo/EXP-1912-07-13-a-i0109.jpg,<image>This image can be classified as a,photo,unclas
../data/test/photo/GDL-1991-06-01-a-i0197.jpg,<image>This image can be classified as a,photo,photo
../data/test/photo/EXP-1989-06-08-a-i0011.jpg,<image>This image can be classified as a,photo,photo
../data/test/photo/IMP-1977-11-07-a-i0242.jpg,<image>This image can be classified as a,photo,logo
../data/test/photo/EXP-1969-10-17-a-i0065.jpg,<image>This image can be classified as a,photo,photo
../data/test/photo/IMP-1944-09-14-a-i0067.jpg,<image>This image can be classified as a,photo,photo
../data/test/photo/EXP-1990-11-24-a-i0086.jpg,<image>This image can be classified as a,photo,photo
../data/test/photo/GDL-1935-05-12-a-i0074.jpg,<image>This image can be classified as a,photo,photo
../data/test/photo/IMP-1993-07-05-a-i0166.jpg,<image>This image can be classified as a,photo,photo
../data/test/photo/EXP-2010-05-04-a-i0036.jpg,<image>This image can be classified as a,photo,unclas
../data/test/photo/JDG-1984-01-16-a-i0145.jpg,<image>This image can be classified as a,photo,photo
../data/test/photo/EXP-2002-11-14-a-i0041.jpg,<image>This image can be classified as a,photo,photo
../data/test/photo/IMP-2013-01-24-a-i0107.jpg,<image>This image can be classified as a,photo,photo
../data/test/photo/GDL-1934-07-16-a-i0002.jpg,<image>This image can be classified as a,photo,photo
../data/test/photo/LCE-1978-10-27-a-i0067.jpg,<image>This image can be classified as a,photo,drawing
../data/test/photo/EXP-2017-04-22-a-i0197.jpg,<image>This image can be classified as a,photo,unclas
../data/test/photo/IMP-1945-07-28-a-i0096.jpg,<image>This image can be classified as a,photo,unclas
../data/test/photo/EXP-1987-01-03-a-i0205.jpg,<image>This image can be classified as a,photo,unclas
../data/test/photo/EXP-1970-06-20-a-i0575.jpg,<image>This image can be classified as a,photo,photo
../data/test/photo/EXP-1936-07-17-a-i0002.jpg,<image>This image can be classified as a,photo,unclas
../data/test/photo/IMP-1953-12-23-a-i0123.jpg,<image>This image can be classified as a,photo,photo
../data/test/photo/IMP-1940-06-22-a-i0008.jpg,<image>This image can be classified as a,photo,photo
../data/test/photo/IMP-1946-09-13-a-i0004.jpg,<image>This image can be classified as a,photo,unclas
../data/test/photo/IMP-1952-08-07-a-i0004.jpg,<image>This image can be classified as a,photo,photo
../data/test/photo/IMP-1983-10-28-a-i0354.jpg,<image>This image can be classified as a,photo,unclas
../data/test/photo/JDG-1990-02-23-a-i0168.jpg,<image>This image can be classified as a,photo,unclas
../data/test/photo/IMP-1932-09-19-a-i0005.jpg,<image>This image can be classified as a,photo,photo
../data/test/photo/IMP-2013-01-05-a-i0213.jpg,<image>This image can be classified as a,photo,photo
../data/test/photo/GDL-1939-10-30-a-i0044.jpg,<image>This image can be classified as a,photo,photo
../data/test/photo/IMP-2009-12-01-a-i0072.jpg,<image>This image can be classified as a,photo,unclas
../data/test/photo/EXP-1913-09-17-a-i0084_2.jpg,<image>This image can be classified as a,photo,photo
../data/test/photo/GDL-1980-05-08-a-i0114.jpg,<image>This image can be classified as a,photo,photo
../data/test/photo/EXP-1928-01-09-a-i0056.jpg,<image>This image can be classified as a,photo,photo
../data/test/photo/IMP-1968-08-09-a-i0158.jpg,<image>This image can be classified as a,photo,photo
../data/test/photo/IMP-2011-11-08-a-i0030.jpg,<image>This image can be classified as a,photo,unclas
../data/test/photo/EXP-1979-08-10-a-i0158.jpg,<image>This image can be classified as a,photo,photo
../data/test/photo/EXP-1928-03-06-a-i0061.jpg,<image>This image can be classified as a,photo,photo
../data/test/photo/EXP-1900-12-31-a-i0138_2.jpg,<image>This image can be classified as a,photo,photo
../data/test/photo/EXP-2012-02-11-a-i0244.jpg,<image>This image can be classified as a,photo,photo
../data/test/photo/IMP-2008-03-18-a-i0121.jpg,<image>This image can be classified as a,photo,logo
../data/test/photo/IMP-1917-02-20-a-i0007.jpg,<image>This image can be classified as a,photo,unclas
../data/test/photo/IMP-2014-03-27-a-i0062.jpg,<image>This image can be classified as a,photo,photo
../data/test/photo/EXP-1994-08-23-a-i0129.jpg,<image>This image can be classified as a,photo,photo
../data/test/photo/EXP-1971-09-15-a-i0392.jpg,<image>This image can be classified as a,photo,unclas
../data/test/photo/IMP-1927-03-07-a-i0026.jpg,<image>This image can be classified as a,photo,photo
../data/test/photo/IMP-2015-08-22-a-i0196.jpg,<image>This image can be classified as a,photo,unclas
../data/test/photo/EXP-1970-05-26-a-i0397.jpg,<image>This image can be classified as a,photo,photo
../data/test/photo/EXP-2015-04-24-a-i0167.jpg,<image>This image can be classified as a,photo,photo
../data/test/photo/IMP-2014-01-29-a-i0191.jpg,<image>This image can be classified as a,photo,photo
../data/test/photo/EXP-1913-11-21-a-i0082.jpg,<image>This image can be classified as a,photo,photo
../data/test/photo/EXP-1915-11-19-a-i0077.jpg,<image>This image can be classified as a,photo,photo
../data/test/photo/IMP-1948-06-24-a-i0036.jpg,<image>This image can be classified as a,photo,photo
../data/test/photo/GDL-1985-05-04-a-i0023.jpg,<image>This image can be classified as a,photo,photo
../data/test/photo/IMP-1960-07-25-a-i0010.jpg,<image>This image can be classified as a,photo,logo
../data/test/photo/JDG-1937-10-07-a-i0003.jpg,<image>This image can be classified as a,photo,photo
../data/test/photo/GDL-1966-07-28-a-i0169.jpg,<image>This image can be classified as a,photo,photo
../data/test/photo/IMP-1992-10-17-a-i0264.jpg,<image>This image can be classified as a,photo,photo
../data/test/photo/IMP-1941-09-09-a-i0010.jpg,<image>This image can be classified as a,photo,photo
../data/test/photo/EXP-1938-03-31-a-i0087.jpg,<image>This image can be classified as a,photo,unclas
../data/test/photo/IMP-1923-05-14-a-i0034.jpg,<image>This image can be classified as a,photo,unclas
../data/test/photo/IMP-1963-07-24-a-i0171.jpg,<image>This image can be classified as a,photo,photo
../data/test/photo/IMP-1966-10-07-a-i0138.jpg,<image>This image can be classified as a,photo,unclas
../data/test/photo/IMP-1974-11-11-a-i0066.jpg,<image>This image can be classified as a,photo,photo
../data/test/photo/IMP-2004-02-19-a-i0002.jpg,<image>This image can be classified as a,photo,photo
../data/test/photo/EXP-1987-03-11-a-i0009.jpg,<image>This image can be classified as a,photo,photo
../data/test/photo/IMP-1934-12-26-a-i0010.jpg,<image>This image can be classified as a,photo,unclas
../data/test/photo/JDG-1978-12-19-a-i0056.jpg,<image>This image can be classified as a,photo,photo
../data/test/photo/EXP-1993-11-05-a-i0131.jpg,<image>This image can be classified as a,photo,unclas
../data/test/photo/EXP-2002-04-06-a-i0048.jpg,<image>This image can be classified as a,photo,unclas
../data/test/photo/IMP-2010-01-26-a-i0273.jpg,<image>This image can be classified as a,photo,photo
../data/test/photo/JDG-1986-08-16-a-i0178.jpg,<image>This image can be classified as a,photo,photo
../data/test/photo/GDL-1982-03-17-a-i0121.jpg,<image>This image can be classified as a,photo,photo
../data/test/photo/IMP-2012-05-18-a-i0083.jpg,<image>This image can be classified as a,photo,photo
../data/test/photo/IMP-1966-12-10-a-i0326.jpg,<image>This image can be classified as a,photo,unclas
../data/test/photo/JDG-1958-01-11-a-i0079.jpg,<image>This image can be classified as a,photo,photo
../data/test/photo/IMP-2015-06-23-a-i0053.jpg,<image>This image can be classified as a,photo,photo
../data/test/photo/IMP-1949-07-18-a-i0007.jpg,<image>This image can be classified as a,photo,unclas
../data/test/photo/JDG-1982-04-21-a-i0076.jpg,<image>This image can be classified as a,photo,photo
../data/test/photo/IMP-2001-08-15-a-i0127.jpg,<image>This image can be classified as a,photo,unclas
../data/test/photo/LCE-1982-12-14-a-i0038.jpg,<image>This image can be classified as a,photo,photo
../data/test/photo/EXP-1961-06-08-a-i0104.jpg,<image>This image can be classified as a,photo,unclas
../data/test/photo/IMP-1949-03-03-a-i0063.jpg,<image>This image can be classified as a,photo,photo
../data/test/photo/IMP-1966-12-26-a-i0116.jpg,<image>This image can be classified as a,photo,unclas
../data/test/photo/IMP-2000-05-29-a-i0059.jpg,<image>This image can be classified as a,photo,photo
../data/test/photo/IMP-2016-08-05-a-i0071.jpg,<image>This image can be classified as a,photo,photo
../data/test/photo/EXP-2002-11-11-a-i0237.jpg,<image>This image can be classified as a,photo,photo
../data/test/photo/IMP-1949-04-14-a-i0055.jpg,<image>This image can be classified as a,photo,photo
../data/test/photo/EXP-2016-01-22-a-i0238.jpg,<image>This image can be classified as a,photo,unclas
../data/test/photo/JDG-1979-11-20-a-i0091.jpg,<image>This image can be classified as a,photo,photo
../data/test/photo/EXP-1948-12-08-a-i0100.jpg,<image>This image can be classified as a,photo,unclas
../data/test/photo/EXP-1987-08-13-a-i0007.jpg,<image>This image can be classified as a,photo,unclas
../data/test/photo/EXP-1963-12-18-a-i0160.jpg,<image>This image can be classified as a,photo,photo
../data/test/photo/IMP-2001-10-11-a-i0283.jpg,<image>This image can be classified as a,photo,photo
../data/test/photo/LCE-1969-11-08-a-i0113.jpg,<image>This image can be classified as a,photo,logo
../data/test/photo/EXP-1932-03-16-a-i0064.jpg,<image>This image can be classified as a,photo,photo
../data/test/photo/IMP-1986-09-08-a-i0222.jpg,<image>This image can be classified as a,photo,logo
../data/test/photo/GDL-1965-11-27-a-i0316.jpg,<image>This image can be classified as a,photo,unclas
../data/test/photo/IMP-1941-06-23-a-i0009.jpg,<image>This image can be classified as a,photo,photo
../data/test/photo/EXP-2016-04-04-a-i0128.jpg,<image>This image can be classified as a,photo,unclas
../data/test/photo/EXP-1938-06-07-a-i0066.jpg,<image>This image can be classified as a,photo,photo
../data/test/photo/IMP-2004-09-04-a-i0354.jpg,<image>This image can be classified as a,photo,photo
../data/test/photo/GDL-1958-02-01-a-i0009.jpg,<image>This image can be classified as a,photo,unclas
../data/test/photo/EXP-2017-05-03-a-i0038.jpg,<image>This image can be classified as a,photo,photo
../data/test/photo/IMP-1999-05-27-a-i0288.jpg,<image>This image can be classified as a,photo,logo
../data/test/photo/IMP-1962-03-23-a-i0300.jpg,<image>This image can be classified as a,photo,photo
../data/test/photo/IMP-1999-12-31-a-i0037.jpg,<image>This image can be classified as a,photo,unclas
../data/test/photo/LCE-1943-07-12-a-i0010.jpg,<image>This image can be classified as a,photo,unclas
../data/test/photo/EXP-1982-07-29-a-i0138.jpg,<image>This image can be classified as a,photo,photo
../data/test/photo/JDG-1979-10-17-a-i0143.jpg,<image>This image can be classified as a,photo,unclas
../data/test/photo/IMP-1996-09-21-a-i0207.jpg,<image>This image can be classified as a,photo,photo
../data/test/photo/EXP-1988-12-22-a-i0069.jpg,<image>This image can be classified as a,photo,unclas
../data/test/photo/EXP-2002-11-01-a-i0192.jpg,<image>This image can be classified as a,photo,unclas
../data/test/photo/IMP-2006-10-05-a-i0259.jpg,<image>This image can be classified as a,photo,photo
../data/test/photo/IMP-1974-11-29-a-i0092.jpg,<image>This image can be classified as a,photo,photo
../data/test/photo/GDL-1984-06-26-a-i0081.jpg,<image>This image can be classified as a,photo,photo
../data/test/photo/EXP-1926-08-11-a-i0064.jpg,<image>This image can be classified as a,photo,photo
../data/test/photo/EXP-1991-06-10-a-i0093.jpg,<image>This image can be classified as a,photo,unclas
../data/test/photo/EXP-1989-12-22-a-i0227.jpg,<image>This image can be classified as a,photo,photo
../data/test/photo/EXP-1914-06-02-a-i0100.jpg,<image>This image can be classified as a,photo,unclas
../data/test/photo/EXP-1979-10-23-a-i0132.jpg,<image>This image can be classified as a,photo,photo
../data/test/photo/EXP-1970-05-26-a-i0220.jpg,<image>This image can be classified as a,photo,photo
../data/test/photo/LCE-1909-06-23-a-i0020.jpg,<image>This image can be classified as a,photo,unclas
../data/test/photo/EXP-2008-06-21-a-i0182.jpg,<image>This image can be classified as a,photo,photo
../data/test/photo/EXP-1975-09-10-a-i0205.jpg,<image>This image can be classified as a,photo,unclas
../data/test/photo/IMP-1978-09-23-a-i0009.jpg,<image>This image can be classified as a,photo,photo
../data/test/photo/IMP-2008-11-18-a-i0067.jpg,<image>This image can be classified as a,photo,photo
../data/test/photo/IMP-1984-09-11-a-i0275.jpg,<image>This image can be classified as a,photo,photo
../data/test/photo/IMP-1938-03-17-a-i0003.jpg,<image>This image can be classified as a,photo,unclas
../data/test/photo/EXP-2001-03-16-a-i0237.jpg,<image>This image can be classified as a,photo,photo
../data/test/photo/EXP-1934-09-17-a-i0013.jpg,<image>This image can be classified as a,photo,photo
../data/test/photo/IMP-2017-12-23-a-i0248.jpg,<image>This image can be classified as a,photo,unclas
../data/test/photo/IMP-2017-07-05-a-i0077.jpg,<image>This image can be classified as a,photo,unclas
../data/test/photo/JDG-1928-05-27-a-i0061.jpg,<image>This image can be classified as a,photo,unclas
../data/test/photo/IMP-1993-05-08-a-i0276.jpg,<image>This image can be classified as a,photo,photo
../data/test/photo/IMP-1966-07-23-a-i0027.jpg,<image>This image can be classified as a,photo,photo
../data/test/photo/IMP-2003-01-17-a-i0027.jpg,<image>This image can be classified as a,photo,photo
../data/test/photo/EXP-1968-12-12-a-i0341.jpg,<image>This image can be classified as a,photo,photo
../data/test/photo/IMP-1960-06-16-a-i0011.jpg,<image>This image can be classified as a,photo,logo
../data/test/photo/LCE-1970-03-16-a-i0098.jpg,<image>This image can be classified as a,photo,photo
../data/test/photo/EXP-1930-06-03-a-i0004.jpg,<image>This image can be classified as a,photo,photo
../data/test/photo/EXP-2007-08-03-a-i0293.jpg,<image>This image can be classified as a,photo,photo
../data/test/photo/JDG-1974-05-18-a-i0221.jpg,<image>This image can be classified as a,photo,logo
../data/test/photo/EXP-2016-09-17-a-i0140.jpg,<image>This image can be classified as a,photo,logo
../data/test/photo/EXP-1954-02-16-a-i0010.jpg,<image>This image can be classified as a,photo,unclas
../data/test/photo/IMP-1914-05-30-a-i0005.jpg,<image>This image can be classified as a,photo,unclas
../data/test/photo/IMP-1943-02-06-a-i0003_2.jpg,<image>This image can be classified as a,photo,photo
../data/test/photo/IMP-1956-04-24-a-i0007.jpg,<image>This image can be classified as a,photo,photo
../data/test/photo/EXP-2004-11-04-a-i0200.jpg,<image>This image can be classified as a,photo,unclas
../data/test/photo/EXP-1998-10-09-a-i0256.jpg,<image>This image can be classified as a,photo,photo
../data/test/photo/EXP-1964-05-26-a-i0222.jpg,<image>This image can be classified as a,photo,photo
../data/test/photo/IMP-2013-04-30-a-i0141.jpg,<image>This image can be classified as a,photo,unclas
../data/test/photo/EXP-1937-02-20-a-i0144.jpg,<image>This image can be classified as a,photo,unclas
../data/test/photo/EXP-2001-10-30-a-i0026.jpg,<image>This image can be classified as a,photo,unclas
../data/test/photo/IMP-1940-02-08-a-i0008.jpg,<image>This image can be classified as a,photo,unclas
../data/test/photo/IMP-1926-08-25-a-i0008.jpg,<image>This image can be classified as a,photo,photo
../data/test/photo/IMP-2016-04-04-a-i0034.jpg,<image>This image can be classified as a,photo,photo
../data/test/photo/IMP-1938-12-15-a-i0014.jpg,<image>This image can be classified as a,photo,photo
../data/test/photo/EXP-1996-09-10-a-i0259.jpg,<image>This image can be classified as a,photo,photo
../data/test/photo/IMP-1929-08-23-a-i0002.jpg,<image>This image can be classified as a,photo,unclas
../data/test/photo/LCE-1956-11-16-a-i0030.jpg,<image>This image can be classified as a,photo,photo
../data/test/photo/IMP-1965-04-20-a-i0007.jpg,<image>This image can be classified as a,photo,photo
../data/test/photo/IMP-1940-08-06-a-i0014.jpg,<image>This image can be classified as a,photo,unclas
../data/test/photo/EXP-1989-07-29-a-i0029.jpg,<image>This image can be classified as a,photo,unclas
../data/test/photo/IMP-1958-01-03-a-i0117.jpg,<image>This image can be classified as a,photo,photo
../data/test/photo/EXP-1930-08-27-a-i0004.jpg,<image>This image can be classified as a,photo,unclas
../data/test/photo/IMP-1972-11-23-a-i0328.jpg,<image>This image can be classified as a,photo,photo
../data/test/photo/IMP-1985-11-11-a-i0143.jpg,<image>This image can be classified as a,photo,photo
../data/test/photo/GDL-1995-11-18-a-i0107.jpg,<image>This image can be classified as a,photo,photo
../data/test/photo/EXP-1937-04-29-a-i0053.jpg,<image>This image can be classified as a,photo,photo
../data/test/photo/IMP-1940-02-21-a-i0005.jpg,<image>This image can be classified as a,photo,unclas
../data/test/photo/EXP-1946-03-15-a-i0147.jpg,<image>This image can be classified as a,photo,photo
../data/test/photo/IMP-1968-08-23-a-i0248.jpg,<image>This image can be classified as a,photo,photo
../data/test/photo/IMP-1989-08-16-a-i0106.jpg,<image>This image can be classified as a,photo,photo
../data/test/photo/IMP-1959-03-13-a-i0169.jpg,<image>This image can be classified as a,photo,photo
../data/test/photo/IMP-2008-10-13-a-i0075.jpg,<image>This image can be classified as a,photo,photo
../data/test/photo/EXP-1999-12-02-a-i0140.jpg,<image>This image can be classified as a,photo,photo
../data/test/photo/IMP-2008-02-13-a-i0010.jpg,<image>This image can be classified as a,photo,photo
../data/test/photo/EXP-1995-06-24-a-i0240.jpg,<image>This image can be classified as a,photo,photo
../data/test/photo/EXP-1953-08-18-a-i0007.jpg,<image>This image can be classified as a,photo,unclas
../data/test/photo/EXP-1970-05-04-a-i0007.jpg,<image>This image can be classified as a,photo,unclas
../data/test/photo/EXP-1935-06-11-a-i0006.jpg,<image>This image can be classified as a,photo,unclas
../data/test/photo/EXP-1958-06-30-a-i0012.jpg,<image>This image can be classified as a,photo,photo
../data/test/photo/LCE-1977-12-20-a-i0030.jpg,<image>This image can be classified as a,photo,photo
../data/test/photo/IMP-2008-09-16-a-i0309.jpg,<image>This image can be classified as a,photo,photo
../data/test/photo/IMP-1930-01-08-a-i0004.jpg,<image>This image can be classified as a,photo,unclas
../data/test/photo/EXP-2015-07-13-a-i0127.jpg,<image>This image can be classified as a,photo,unclas
../data/test/photo/EXP-1967-04-24-a-i0127.jpg,<image>This image can be classified as a,photo,photo
../data/test/photo/EXP-1987-10-22-a-i0509.jpg,<image>This image can be classified as a,photo,unclas
../data/test/photo/IMP-2016-05-31-a-i0193.jpg,<image>This image can be classified as a,photo,photo
../data/test/photo/IMP-1929-08-10-a-i0004.jpg,<image>This image can be classified as a,photo,photo
../data/test/photo/IMP-1965-04-03-a-i0361.jpg,<image>This image can be classified as a,photo,unclas
../data/test/photo/GDL-1970-05-21-a-i0034.jpg,<image>This image can be classified as a,photo,unclas
../data/test/photo/IMP-2008-06-02-a-i0067.jpg,<image>This image can be classified as a,photo,unclas
../data/test/photo/GDL-1979-05-08-a-i0045.jpg,<image>This image can be classified as a,photo,photo
../data/test/photo/IMP-1948-05-05-a-i0044.jpg,<image>This image can be classified as a,photo,unclas
../data/test/photo/JDG-1995-03-30-a-i0189.jpg,<image>This image can be classified as a,photo,photo
../data/test/photo/JDG-1909-11-09-a-i0050.jpg,<image>This image can be classified as a,photo,unclas
../data/test/photo/EXP-2010-07-14-a-i0108.jpg,<image>This image can be classified as a,photo,unclas
../data/test/photo/IMP-2009-05-04-a-i0182.jpg,<image>This image can be classified as a,photo,photo
../data/test/photo/IMP-2002-12-28-a-i0029.jpg,<image>This image can be classified as a,photo,unclas
../data/test/photo/GDL-1955-07-23-a-i0002.jpg,<image>This image can be classified as a,photo,photo
../data/test/photo/IMP-1969-01-25-a-i0104.jpg,<image>This image can be classified as a,photo,photo
../data/test/photo/EXP-1945-12-13-a-i0079.jpg,<image>This image can be classified as a,photo,photo
../data/test/photo/EXP-2015-02-05-a-i0115.jpg,<image>This image can be classified as a,photo,photo
../data/test/photo/JDG-1936-12-30-a-i0033.jpg,<image>This image can be classified as a,photo,unclas
../data/test/photo/IMP-1931-02-18-a-i0004.jpg,<image>This image can be classified as a,photo,photo
../data/test/photo/IMP-1935-05-23-a-i0005.jpg,<image>This image can be classified as a,photo,photo
../data/test/photo/EXP-2008-10-10-a-i0155.jpg,<image>This image can be classified as a,photo,unclas
../data/test/photo/EXP-2010-02-01-a-i0162.jpg,<image>This image can be classified as a,photo,photo
../data/test/photo/JDG-1959-09-30-a-i0045.jpg,<image>This image can be classified as a,photo,photo
../data/test/photo/EXP-1932-04-08-a-i0060.jpg,<image>This image can be classified as a,photo,unclas
../data/test/photo/IMP-2006-06-27-a-i0272.jpg,<image>This image can be classified as a,photo,unclas
../data/test/photo/IMP-1983-03-10-a-i0177.jpg,<image>This image can be classified as a,photo,photo
../data/test/photo/IMP-2003-08-30-a-i0229.jpg,<image>This image can be classified as a,photo,unclas
../data/test/photo/LCE-1983-10-04-a-i0034.jpg,<image>This image can be classified as a,photo,unclas
../data/test/photo/EXP-1996-11-16-a-i0042.jpg,<image>This image can be classified as a,photo,photo
../data/test/photo/EXP-1936-06-20-a-i0103.jpg,<image>This image can be classified as a,photo,unclas
../data/test/photo/LCE-1969-02-14-a-i0005.jpg,<image>This image can be classified as a,photo,photo
../data/test/photo/EXP-1967-05-05-a-i0062.jpg,<image>This image can be classified as a,photo,photo
../data/test/photo/EXP-2010-03-27-a-i0274.jpg,<image>This image can be classified as a,photo,logo
../data/test/photo/IMP-2009-03-21-a-i0313.jpg,<image>This image can be classified as a,photo,unclas
../data/test/photo/IMP-1963-09-05-a-i0007.jpg,<image>This image can be classified as a,photo,photo
../data/test/photo/IMP-1982-07-02-a-i0242.jpg,<image>This image can be classified as a,photo,unclas
../data/test/photo/GDL-1989-04-08-a-i0200.jpg,<image>This image can be classified as a,photo,unclas
../data/test/photo/EXP-1931-12-17-a-i0121.jpg,<image>This image can be classified as a,photo,photo
../data/test/photo/GDL-1982-12-02-a-i0053.jpg,<image>This image can be classified as a,photo,unclas
../data/test/photo/EXP-2000-09-13-a-i0271.jpg,<image>This image can be classified as a,photo,unclas
../data/test/photo/IMP-1976-03-11-a-i0063.jpg,<image>This image can be classified as a,photo,photo
../data/test/photo/GDL-1967-01-16-a-i0140.jpg,<image>This image can be classified as a,photo,unclas
../data/test/photo/EXP-2007-07-26-a-i0207.jpg,<image>This image can be classified as a,photo,unclas
../data/test/photo/EXP-2014-12-16-a-i0190.jpg,<image>This image can be classified as a,photo,unclas
../data/test/photo/EXP-1995-11-24-a-i0048.jpg,<image>This image can be classified as a,photo,photo
../data/test/photo/EXP-1929-08-09-a-i0096.jpg,<image>This image can be classified as a,photo,photo
../data/test/photo/JDG-1992-09-07-a-i0165.jpg,<image>This image can be classified as a,photo,photo
../data/test/photo/IMP-1915-11-10-a-i0006_2.jpg,<image>This image can be classified as a,photo,unclas
../data/test/photo/IMP-1973-02-06-a-i0033.jpg,<image>This image can be classified as a,photo,photo
../data/test/photo/EXP-1977-07-23-a-i0116.jpg,<image>This image can be classified as a,photo,photo
../data/test/graph/GDL-1989-04-17-a-i0064_2.jpg,<image>This image can be classified as a,graph,unclas
../data/test/graph/EXP-1911-12-09-a-i0115.jpg,<image>This image can be classified as a,graph,unclas
../data/test/graph/GDL-1989-04-17-a-i0064.jpg,<image>This image can be classified as a,graph,unclas
../data/test/graph/EXP-1912-02-02-a-i0108.jpg,<image>This image can be classified as a,graph,unclas
../data/test/graph/EXP-1923-03-21-a-i0095.jpg,<image>This image can be classified as a,graph,unclas
../data/test/graph/EXP-1913-04-28-a-i0115.jpg,<image>This image can be classified as a,graph,unclas
../data/test/graph/EXP-1903-11-30-a-i0052.jpg,<image>This image can be classified as a,graph,unclas
../data/test/graph/EXP-1908-07-09-a-i0073_2.jpg,<image>This image can be classified as a,graph,unclas
../data/test/graph/GDL-1996-02-01-a-i0256.jpg,<image>This image can be classified as a,graph,unclas
../data/test/graph/JDG-1976-01-09-a-i0041.jpg,<image>This image can be classified as a,graph,unclas
../data/test/graph/EXP-1935-03-04-a-i0105.jpg,<image>This image can be classified as a,graph,unclas
../data/test/graph/EXP-1903-12-16-a-i0044.jpg,<image>This image can be classified as a,graph,unclas
../data/test/graph/EXP-1921-08-31-a-i0070.jpg,<image>This image can be classified as a,graph,unclas
../data/test/graph/EXP-1915-02-26-a-i0072.jpg,<image>This image can be classified as a,graph,unclas
../data/test/graph/EXP-1923-08-21-a-i0071.jpg,<image>This image can be classified as a,graph,unclas
../data/test/graph/GDL-1979-10-09-a-i0095.jpg,<image>This image can be classified as a,graph,unclas
../data/test/graph/EXP-1913-11-07-a-i0100.jpg,<image>This image can be classified as a,graph,unclas
../data/test/graph/EXP-1912-11-26-a-i0106.jpg,<image>This image can be classified as a,graph,graph
../data/test/graph/EXP-1962-11-21-a-i0136.jpg,<image>This image can be classified as a,graph,unclas
../data/test/graph/IMP-1994-10-29-a-i0103.jpg,<image>This image can be classified as a,graph,unclas
../data/test/graph/EXP-1945-04-05-a-i0192.jpg,<image>This image can be classified as a,graph,unclas
../data/test/graph/EXP-1913-09-08-a-i0104.jpg,<image>This image can be classified as a,graph,unclas
../data/test/graph/EXP-1948-05-28-a-i0189.jpg,<image>This image can be classified as a,graph,unclas
../data/test/graph/JDG-1907-09-14-a-i0064.jpg,<image>This image can be classified as a,graph,unclas
../data/test/graph/EXP-1923-03-16-a-i0102.jpg,<image>This image can be classified as a,graph,unclas
../data/test/graph/EXP-1936-05-22-a-i0112.jpg,<image>This image can be classified as a,graph,unclas
../data/test/graph/JDG-1997-05-01-a-i0235.jpg,<image>This image can be classified as a,graph,unclas
../data/test/graph/GDL-1979-02-05-a-i0102.jpg,<image>This image can be classified as a,graph,unclas
../data/test/graph/EXP-1916-01-19-a-i0064.jpg,<image>This image can be classified as a,graph,unclas
../data/test/graph/JDG-1908-10-10-a-i0031.jpg,<image>This image can be classified as a,graph,unclas
../data/test/graph/EXP-1920-10-02-a-i0159.jpg,<image>This image can be classified as a,graph,unclas
../data/test/graph/EXP-1913-02-21-a-i0127.jpg,<image>This image can be classified as a,graph,unclas
../data/test/graph/EXP-1970-01-17-a-i0061.jpg,<image>This image can be classified as a,graph,unclas
../data/test/graph/EXP-1951-01-29-a-i0116.jpg,<image>This image can be classified as a,graph,unclas
../data/test/graph/EXP-1931-10-26-a-i0101_2.jpg,<image>This image can be classified as a,graph,unclas
../data/test/graph/EXP-1918-02-08-a-i0068.jpg,<image>This image can be classified as a,graph,unclas
../data/test/drawing/JDG-1966-05-31-a-i0021.jpg,<image>This image can be classified as a,drawing,unclas
../data/test/drawing/EXP-1988-07-13-a-i0007.jpg,<image>This image can be classified as a,drawing,unclas
../data/test/drawing/IMP-1911-01-14-a-i0027.jpg,<image>This image can be classified as a,drawing,comic
../data/test/drawing/EXP-1932-07-26-a-i0078.jpg,<image>This image can be classified as a,drawing,unclas
../data/test/drawing/EXP-1990-11-26-a-i0245.jpg,<image>This image can be classified as a,drawing,unclas
../data/test/drawing/IMP-1981-02-18-a-i0085_4.jpg,<image>This image can be classified as a,drawing,drawing
../data/test/drawing/IMP-1906-12-16-a-i0013.jpg,<image>This image can be classified as a,drawing,unclas
../data/test/drawing/GDL-1966-04-22-a-i0067.jpg,<image>This image can be classified as a,drawing,drawing
../data/test/drawing/IMP-1904-04-09-a-i0002_3.jpg,<image>This image can be classified as a,drawing,unclas
../data/test/drawing/EXP-1957-12-06-a-i0008.jpg,<image>This image can be classified as a,drawing,drawing
../data/test/drawing/IMP-1929-10-16-a-i0005.jpg,<image>This image can be classified as a,drawing,unclas
../data/test/drawing/IMP-1910-05-01-a-i0094_10.jpg,<image>This image can be classified as a,drawing,drawing
../data/test/drawing/IMP-1923-12-21-a-i0030.jpg,<image>This image can be classified as a,drawing,drawing
../data/test/drawing/IMP-1904-04-09-a-i0002.jpg,<image>This image can be classified as a,drawing,unclas
../data/test/drawing/IMP-1913-11-22-a-i0062.jpg,<image>This image can be classified as a,drawing,unclas
../data/test/drawing/JDG-1994-06-10-a-i0250.jpg,<image>This image can be classified as a,drawing,unclas
../data/test/drawing/EXP-1972-07-08-a-i0361_3.jpg,<image>This image can be classified as a,drawing,unclas
../data/test/drawing/GDL-1951-10-24-a-i0014.jpg,<image>This image can be classified as a,drawing,unclas
../data/test/drawing/LCE-1952-09-22-a-i0041_2.jpg,<image>This image can be classified as a,drawing,unclas
../data/test/drawing/IMP-1993-09-25-a-i0275.jpg,<image>This image can be classified as a,drawing,drawing
../data/test/drawing/IMP-1981-02-18-a-i0085_5.jpg,<image>This image can be classified as a,drawing,unclas
../data/test/drawing/LCE-1919-05-03-a-i0022.jpg,<image>This image can be classified as a,drawing,unclas
../data/test/drawing/JDG-1958-02-15-a-i0052_2.jpg,<image>This image can be classified as a,drawing,unclas
../data/test/drawing/IMP-1920-03-19-a-i0002.jpg,<image>This image can be classified as a,drawing,unclas
../data/test/drawing/IMP-1955-08-01-a-i0038.jpg,<image>This image can be classified as a,drawing,comic
../data/test/drawing/IMP-1989-08-28-a-i0011.jpg,<image>This image can be classified as a,drawing,unclas
../data/test/drawing/IMP-2001-07-17-a-i0177.jpg,<image>This image can be classified as a,drawing,drawing
../data/test/drawing/GDL-1949-09-03-a-i0216.jpg,<image>This image can be classified as a,drawing,comic
../data/test/drawing/IMP-1915-04-08-a-i0038_2.jpg,<image>This image can be classified as a,drawing,unclas
../data/test/drawing/IMP-1946-02-01-a-i0084.jpg,<image>This image can be classified as a,drawing,unclas
../data/test/drawing/IMP-2001-07-17-a-i0177_2.jpg,<image>This image can be classified as a,drawing,unclas
../data/test/drawing/IMP-1955-01-31-a-i0053.jpg,<image>This image can be classified as a,drawing,unclas
../data/test/drawing/EXP-1906-03-31-a-i0134.jpg,<image>This image can be classified as a,drawing,drawing
../data/test/drawing/JDG-1977-06-04-a-i0219.jpg,<image>This image can be classified as a,drawing,unclas
../data/test/drawing/IMP-1981-02-18-a-i0085_13.jpg,<image>This image can be classified as a,drawing,drawing
../data/test/drawing/EXP-1950-01-28-a-i0233.jpg,<image>This image can be classified as a,drawing,map
../data/test/drawing/EXP-1973-09-01-a-i0451_4.jpg,<image>This image can be classified as a,drawing,drawing
../data/test/drawing/JDG-1956-12-12-a-i0230_2.jpg,<image>This image can be classified as a,drawing,drawing
../data/test/drawing/IMP-1989-05-31-a-i0100.jpg,<image>This image can be classified as a,drawing,comic
../data/test/drawing/LCE-1901-07-31-a-i0023.jpg,<image>This image can be classified as a,drawing,unclas
../data/test/drawing/IMP-1937-02-16-a-i0012.jpg,<image>This image can be classified as a,drawing,unclas
../data/test/drawing/JDG-1971-07-24-a-i0130.jpg,<image>This image can be classified as a,drawing,unclas
../data/test/drawing/IMP-1992-02-10-a-i0160.jpg,<image>This image can be classified as a,drawing,comic
../data/test/drawing/EXP-1979-08-17-a-i0337.jpg,<image>This image can be classified as a,drawing,drawing
../data/test/drawing/IMP-2000-09-15-a-i0197_3.jpg,<image>This image can be classified as a,drawing,unclas
../data/test/drawing/EXP-1966-11-25-a-i0334.jpg,<image>This image can be classified as a,drawing,unclas
../data/test/drawing/IMP-1925-01-09-a-i0030.jpg,<image>This image can be classified as a,drawing,drawing
../data/test/drawing/GDL-1953-05-30-a-i0173.jpg,<image>This image can be classified as a,drawing,unclas
../data/test/drawing/JDG-1974-01-17-a-i0097.jpg,<image>This image can be classified as a,drawing,unclas
../data/test/drawing/LCE-1908-02-29-a-i0040.jpg,<image>This image can be classified as a,drawing,unclas
../data/test/drawing/IMP-1936-06-23-a-i0069.jpg,<image>This image can be classified as a,drawing,unclas
../data/test/drawing/IMP-1976-01-24-a-i0073.jpg,<image>This image can be classified as a,drawing,unclas
../data/test/drawing/LCE-1992-06-12-a-i0032.jpg,<image>This image can be classified as a,drawing,unclas
../data/test/drawing/EXP-1959-06-19-a-i0106_3.jpg,<image>This image can be classified as a,drawing,unclas
../data/test/drawing/IMP-1951-08-20-a-i0080.jpg,<image>This image can be classified as a,drawing,comic
../data/test/drawing/IMP-1984-11-06-a-i0005.jpg,<image>This image can be classified as a,drawing,comic
../data/test/drawing/IMP-1915-05-18-a-i0007.jpg,<image>This image can be classified as a,drawing,unclas
../data/test/drawing/GDL-1959-02-03-a-i0097_2.jpg,<image>This image can be classified as a,drawing,unclas
../data/test/drawing/EXP-1994-10-24-a-i0110.jpg,<image>This image can be classified as a,drawing,comic
../data/test/drawing/IMP-1903-01-14-a-i0031.jpg,<image>This image can be classified as a,drawing,unclas
../data/test/drawing/EXP-1914-02-11-a-i0087.jpg,<image>This image can be classified as a,drawing,drawing
../data/test/drawing/GDL-1979-06-15-a-i0026_2.jpg,<image>This image can be classified as a,drawing,unclas
../data/test/drawing/IMP-1980-02-04-a-i0078_3.jpg,<image>This image can be classified as a,drawing,photo
../data/test/drawing/JDG-1992-04-25-a-i0255_3.jpg,<image>This image can be classified as a,drawing,drawing
../data/test/drawing/GDL-1975-12-13-a-i0099.jpg,<image>This image can be classified as a,drawing,unclas
../data/test/drawing/EXP-1972-07-08-a-i0361.jpg,<image>This image can be classified as a,drawing,unclas
../data/test/drawing/EXP-1974-05-25-a-i0325_2.jpg,<image>This image can be classified as a,drawing,unclas
../data/test/drawing/JDG-1904-10-21-a-i0066.jpg,<image>This image can be classified as a,drawing,unclas
../data/test/drawing/EXP-1969-05-13-a-i0056.jpg,<image>This image can be classified as a,drawing,unclas
../data/test/drawing/JDG-1955-02-10-a-i0014.jpg,<image>This image can be classified as a,drawing,unclas
../data/test/drawing/EXP-1974-04-25-a-i0418.jpg,<image>This image can be classified as a,drawing,unclas
../data/test/drawing/IMP-1958-03-19-a-i0167.jpg,<image>This image can be classified as a,drawing,drawing
../data/test/drawing/EXP-1972-12-02-a-i0308.jpg,<image>This image can be classified as a,drawing,logo
../data/test/drawing/GDL-1956-06-30-a-i0255_6.jpg,<image>This image can be classified as a,drawing,unclas
../data/test/drawing/LCE-1915-02-13-a-i0032.jpg,<image>This image can be classified as a,drawing,unclas
../data/test/drawing/JDG-1978-10-23-a-i0020.jpg,<image>This image can be classified as a,drawing,drawing
../data/test/drawing/IMP-1901-05-29-a-i0035.jpg,<image>This image can be classified as a,drawing,unclas
../data/test/drawing/LCE-1915-12-25-a-i0042.jpg,<image>This image can be classified as a,drawing,unclas
../data/test/drawing/EXP-1924-06-06-a-i0046.jpg,<image>This image can be classified as a,drawing,unclas
../data/test/drawing/IMP-1983-10-03-a-i0220.jpg,<image>This image can be classified as a,drawing,unclas
../data/test/drawing/JDG-1968-10-25-a-i0086.jpg,<image>This image can be classified as a,drawing,graph
../data/test/drawing/EXP-1974-05-25-a-i0325_4.jpg,<image>This image can be classified as a,drawing,drawing
../data/test/drawing/EXP-1974-05-25-a-i0325_8.jpg,<image>This image can be classified as a,drawing,unclas
../data/test/drawing/GDL-1900-03-08-a-i0026.jpg,<image>This image can be classified as a,drawing,unclas
../data/test/drawing/IMP-1949-09-30-a-i0010.jpg,<image>This image can be classified as a,drawing,drawing
../data/test/drawing/IMP-1981-02-18-a-i0085.jpg,<image>This image can be classified as a,drawing,unclas
../data/test/drawing/LCE-1908-08-12-a-i0050.jpg,<image>This image can be classified as a,drawing,graph
../data/test/drawing/IMP-1930-02-27-a-i0033.jpg,<image>This image can be classified as a,drawing,unclas
../data/test/drawing/EXP-1986-07-04-a-i0361.jpg,<image>This image can be classified as a,drawing,comic
../data/test/comic/IMP-1957-11-02-a-i0173_5.jpg,<image>This image can be classified as a,comic,comic
../data/test/comic/EXP-1962-01-05-a-i0084_2.jpg,<image>This image can be classified as a,comic,comic
../data/test/comic/EXP-1989-08-16-a-i0308_4.jpg,<image>This image can be classified as a,comic,comic
../data/test/comic/EXP-1958-01-21-a-i0185.jpg,<image>This image can be classified as a,comic,unclas
../data/test/comic/EXP-2004-11-03-a-i0131_2.jpg,<image>This image can be classified as a,comic,comic
../data/test/comic/IMP-1979-12-03-a-i0187.jpg,<image>This image can be classified as a,comic,comic
../data/test/comic/EXP-2000-03-18-a-i0362.jpg,<image>This image can be classified as a,comic,comic
../data/test/comic/IMP-1957-12-16-a-i0087.jpg,<image>This image can be classified as a,comic,comic
../data/test/comic/EXP-1940-04-09-a-i0069.jpg,<image>This image can be classified as a,comic,comic
../data/test/comic/EXP-1976-12-31-a-i0420.jpg,<image>This image can be classified as a,comic,comic
../data/test/comic/EXP-1958-05-20-a-i0092_3.jpg,<image>This image can be classified as a,comic,comic
../data/test/comic/EXP-1968-06-14-a-i0472.jpg,<image>This image can be classified as a,comic,comic
../data/test/comic/IMP-1993-04-16-a-i0150.jpg,<image>This image can be classified as a,comic,unclas
../data/test/comic/EXP-1965-12-24-a-i0313_3.jpg,<image>This image can be classified as a,comic,comic
../data/test/comic/EXP-1959-02-20-a-i0098_4.jpg,<image>This image can be classified as a,comic,drawing
../data/test/comic/IMP-1960-08-06-a-i0090_7.jpg,<image>This image can be classified as a,comic,comic
../data/test/comic/IMP-1965-03-13-a-i0144_3.jpg,<image>This image can be classified as a,comic,unclas
../data/test/comic/LCE-1999-01-22-a-i0030.jpg,<image>This image can be classified as a,comic,comic
../data/test/comic/IMP-1974-02-12-a-i0183.jpg,<image>This image can be classified as a,comic,comic
../data/test/comic/GDL-1936-12-18-a-i0041.jpg,<image>This image can be classified as a,comic,unclas
../data/test/comic/IMP-1949-09-09-a-i0013.jpg,<image>This image can be classified as a,comic,unclas
../data/test/comic/EXP-1998-11-11-a-i0396.jpg,<image>This image can be classified as a,comic,unclas
../data/test/comic/IMP-1960-08-06-a-i0090_4.jpg,<image>This image can be classified as a,comic,comic
../data/test/comic/EXP-1967-01-26-a-i0258_3.jpg,<image>This image can be classified as a,comic,unclas
../data/test/comic/IMP-2012-10-15-a-i0103.jpg,<image>This image can be classified as a,comic,comic
../data/test/comic/EXP-1979-12-29-a-i0132.jpg,<image>This image can be classified as a,comic,comic
../data/test/comic/IMP-1965-03-13-a-i0144.jpg,<image>This image can be classified as a,comic,comic
../data/test/comic/LCE-1969-05-19-a-i0016_3.jpg,<image>This image can be classified as a,comic,comic
../data/test/comic/IMP-1959-02-06-a-i0032.jpg,<image>This image can be classified as a,comic,comic
../data/test/comic/IMP-1947-07-04-a-i0016.jpg,<image>This image can be classified as a,comic,comic
../data/test/comic/EXP-1965-01-28-a-i0311.jpg,<image>This image can be classified as a,comic,comic
../data/test/comic/GDL-1915-12-05-a-i0098.jpg,<image>This image can be classified as a,comic,comic
../data/test/comic/IMP-1942-05-29-a-i0016.jpg,<image>This image can be classified as a,comic,comic
../data/test/comic/IMP-2012-09-01-a-i0115.jpg,<image>This image can be classified as a,comic,unclas
../data/test/comic/IMP-1992-12-19-a-i0198_2.jpg,<image>This image can be classified as a,comic,comic
../data/test/comic/EXP-1956-07-25-a-i0105.jpg,<image>This image can be classified as a,comic,comic
../data/test/comic/EXP-1966-07-16-a-i0254_6.jpg,<image>This image can be classified as a,comic,comic
../data/test/comic/IMP-1961-11-01-a-i0016.jpg,<image>This image can be classified as a,comic,drawing
../data/test/comic/IMP-1959-12-05-a-i0123.jpg,<image>This image can be classified as a,comic,unclas
../data/test/comic/EXP-1966-07-15-a-i0238.jpg,<image>This image can be classified as a,comic,drawing
