File Path,Prompt,Class Name,Predicted Text
../data/test/drawing/JDG-1977-06-04-a-i0219.jpg,<image>Keywords describing this image are,drawing,"Keywords describing this image are: comic, drawing, game, graph, logo, map, photograph, title, this image is"
../data/test/drawing/IMP-1989-08-28-a-i0011.jpg,<image>Keywords describing this image are,drawing,"Keywords describing this image are comic, drawing, game, graph, logo, map, photograph, title, this image is a"
../data/test/drawing/EXP-1932-07-26-a-i0078.jpg,<image>Keywords describing this image are,drawing,"Keywords describing this image are dress, garment, woman, woman's dress, woman's clothing, woman's dress, woman's"
../data/test/drawing/EXP-1972-07-08-a-i0361.jpg,<image>Keywords describing this image are,drawing,"Keywords describing this image are comic, drawing, game, graph, logo, map, photograph, title, this image is a"
../data/test/drawing/IMP-1936-06-23-a-i0069.jpg,<image>Keywords describing this image are,drawing,"Keywords describing this image are comic, drawing, game, graph, logo, map, photograph, title, this image is a"
../data/test/drawing/IMP-1955-08-01-a-i0038.jpg,<image>Keywords describing this image are,drawing,"Keywords describing this image are comic, drawing, game, graph, logo, map, photograph, title, this image is a"
../data/test/drawing/EXP-1969-05-13-a-i0056.jpg,<image>Keywords describing this image are,drawing,"Keywords describing this image are drawing, game, graph, logo, map, photograph, title, this image is a title."
../data/test/drawing/LCE-1915-02-13-a-i0032.jpg,<image>Keywords describing this image are,drawing,"Keywords describing this image are comic, drawing, game, graph, logo, map, photograph, title, this image is a"
../data/test/drawing/JDG-1994-06-10-a-i0250.jpg,<image>Keywords describing this image are,drawing,"Keywords describing this image are: Europe, Europe, Europe, Europe, Europe, Europe, Europe, Europe, Europe, Europe"
../data/test/drawing/JDG-1904-10-21-a-i0066.jpg,<image>Keywords describing this image are,drawing,"Keywords describing this image are: Between the classes comic, drawing, game, graph, logo, map, photograph, title,"
../data/test/drawing/EXP-1924-06-06-a-i0046.jpg,<image>Keywords describing this image are,drawing,"Keywords describing this image are comic, drawing, game, graph, logo, map, photograph, title, this image is a"
../data/test/drawing/EXP-1972-12-02-a-i0308.jpg,<image>Keywords describing this image are,drawing,"Keywords describing this image are game, graph, logo, map, photograph, title, this image is a title. Between the"
../data/test/drawing/IMP-1946-02-01-a-i0084.jpg,<image>Keywords describing this image are,drawing,"Keywords describing this image are: costume, dress, fashion, garment, lady, lady's, lady's dress, lady's"
../data/test/drawing/JDG-1958-02-15-a-i0052_2.jpg,<image>Keywords describing this image are,drawing,"Keywords describing this image are comic, drawing, game, graph, logo, map, photograph, title, this image is a"
../data/test/drawing/EXP-1994-10-24-a-i0110.jpg,<image>Keywords describing this image are,drawing,"Keywords describing this image are comic, drawing, game, graph, logo, map, photograph, title, this image is a"
../data/test/drawing/EXP-1959-06-19-a-i0106_3.jpg,<image>Keywords describing this image are,drawing,"Keywords describing this image are: Between the classes comic, drawing, game, graph, logo, map, photograph, title,"
../data/test/drawing/GDL-1951-10-24-a-i0014.jpg,<image>Keywords describing this image are,drawing,"Keywords describing this image are comic, drawing, game, graph, logo, map, photograph, title, this image is a"
../data/test/drawing/GDL-1953-05-30-a-i0173.jpg,<image>Keywords describing this image are,drawing,"Keywords describing this image are drawing, game, graph, logo, map, photograph, title, this image is a title."
../data/test/drawing/JDG-1956-12-12-a-i0230_2.jpg,<image>Keywords describing this image are,drawing,"Keywords describing this image are: between the classes, comic, drawing, game, graph, logo, map, photograph, title"
../data/test/drawing/GDL-1959-02-03-a-i0097_2.jpg,<image>Keywords describing this image are,drawing,"Keywords describing this image are comic, drawing, game, graph, logo, map, photograph, title, this image is a"
../data/test/drawing/EXP-1950-01-28-a-i0233.jpg,<image>Keywords describing this image are,drawing,"Keywords describing this image are: Between the classes comic, drawing, game, graph, logo, map, photograph, title,"
../data/test/drawing/GDL-1966-04-22-a-i0067.jpg,<image>Keywords describing this image are,drawing,"Keywords describing this image are drawing, game, graph, logo, map, photograph, title, this image is a title."
../data/test/drawing/IMP-1903-01-14-a-i0031.jpg,<image>Keywords describing this image are,drawing,"Keywords describing this image are comic, drawing, game, graph, logo, map, photograph, title, this image is a"
../data/test/drawing/LCE-1952-09-22-a-i0041_2.jpg,<image>Keywords describing this image are,drawing,"Keywords describing this image are comic, drawing, game, graph, logo, map, photograph, title, this image is a"
../data/test/drawing/IMP-1904-04-09-a-i0002_3.jpg,<image>Keywords describing this image are,drawing,"Keywords describing this image are: Between the classes comic, drawing, game, graph, logo, map, photograph, title,"
../data/test/drawing/GDL-1900-03-08-a-i0026.jpg,<image>Keywords describing this image are,drawing,"Keywords describing this image are comic, drawing, game, graph, logo, map, photograph, title, this image is a"
../data/test/drawing/IMP-1958-03-19-a-i0167.jpg,<image>Keywords describing this image are,drawing,"Keywords describing this image are: Between the classes comic, drawing, game, graph, logo, map, photograph, title,"
../data/test/drawing/EXP-1966-11-25-a-i0334.jpg,<image>Keywords describing this image are,drawing,"Keywords describing this image are drawing, game, graph, logo, map, photograph, title, this image is a title."
../data/test/drawing/IMP-2001-07-17-a-i0177.jpg,<image>Keywords describing this image are,drawing,"Keywords describing this image are comic, drawing, game, graph, logo, map, photograph, title, this image is a"
../data/test/drawing/EXP-1974-05-25-a-i0325_8.jpg,<image>Keywords describing this image are,drawing,"Keywords describing this image are drawing, game, graph, logo, map, photograph, title. Between the classes comic, drawing"
../data/test/drawing/IMP-1955-01-31-a-i0053.jpg,<image>Keywords describing this image are,drawing,"Keywords describing this image are comic, drawing, game, graph, logo, map, photograph, title, this image is a"
../data/test/drawing/EXP-1974-05-25-a-i0325_4.jpg,<image>Keywords describing this image are,drawing,"Keywords describing this image are drawing, game, graph, logo, map, photograph, title. Between the classes comic, drawing"
../data/test/drawing/IMP-1981-02-18-a-i0085_5.jpg,<image>Keywords describing this image are,drawing,"Keywords describing this image are comic, drawing, game, graph, logo, map, photograph, title, this image is a"
../data/test/drawing/EXP-1990-11-26-a-i0245.jpg,<image>Keywords describing this image are,drawing,"Keywords describing this image are drawing, game, graph, logo, map, photograph, title, this image is a title."
../data/test/drawing/IMP-1981-02-18-a-i0085_13.jpg,<image>Keywords describing this image are,drawing,"Keywords describing this image are comic, drawing, game, graph, logo, map, photograph, title, this image is a"
../data/test/drawing/IMP-1951-08-20-a-i0080.jpg,<image>Keywords describing this image are,drawing,"Keywords describing this image are comic, drawing, game, graph, logo, map, photograph, title, this image is a"
../data/test/drawing/GDL-1979-06-15-a-i0026_2.jpg,<image>Keywords describing this image are,drawing,"Keywords describing this image are: Between the classes comic, drawing, game, graph, logo, map, photograph, title,"
../data/test/drawing/JDG-1992-04-25-a-i0255_3.jpg,<image>Keywords describing this image are,drawing,"Keywords describing this image are drawing, game, graph, logo, map, photograph, title. Between the classes comic, drawing"
../data/test/drawing/JDG-1974-01-17-a-i0097.jpg,<image>Keywords describing this image are,drawing,"Keywords describing this image are cartoon, comic, drawing, game, graph, logo, map, photograph, title, this image"
../data/test/drawing/EXP-1957-12-06-a-i0008.jpg,<image>Keywords describing this image are,drawing,"Keywords describing this image are aeroplane, airship, airship. Between the classes comic, drawing, game, graph"
../data/test/drawing/JDG-1968-10-25-a-i0086.jpg,<image>Keywords describing this image are,drawing,"Keywords describing this image are: game, graph, logo, map, photograph, title. Between the classes comic, drawing,"
../data/test/drawing/LCE-1901-07-31-a-i0023.jpg,<image>Keywords describing this image are,drawing,"Keywords describing this image are drawing, game, graph, logo, map, photograph, title, this image is a title."
../data/test/drawing/EXP-1979-08-17-a-i0337.jpg,<image>Keywords describing this image are,drawing,"Keywords describing this image are comic, drawing, game, graph, logo, map, photograph, title, this image is a"
../data/test/drawing/EXP-1974-04-25-a-i0418.jpg,<image>Keywords describing this image are,drawing,"Keywords describing this image are comic, drawing, game, graph, logo, map, photograph, title, this image is a"
../data/test/drawing/IMP-1989-05-31-a-i0100.jpg,<image>Keywords describing this image are,drawing,"Keywords describing this image are drawing, game, graph, logo, map, photograph, title. Between the classes comic, drawing"
../data/test/drawing/IMP-1980-02-04-a-i0078_3.jpg,<image>Keywords describing this image are,drawing,"Keywords describing this image are drawing, game, graph, logo, map, photograph, title, this image is a title."
../data/test/drawing/IMP-1925-01-09-a-i0030.jpg,<image>Keywords describing this image are,drawing,"Keywords describing this image are comic, drawing, game, graph, logo, map, photograph, title, this image is a"
../data/test/drawing/EXP-1986-07-04-a-i0361.jpg,<image>Keywords describing this image are,drawing,"Keywords describing this image are comic, drawing, game, graph, logo, map, photograph, title, this image is a"
../data/test/drawing/GDL-1956-06-30-a-i0255_6.jpg,<image>Keywords describing this image are,drawing,"Keywords describing this image are drawing, game, graph, logo, map, photograph, title. Between the classes comic, drawing"
../data/test/drawing/JDG-1966-05-31-a-i0021.jpg,<image>Keywords describing this image are,drawing,"Keywords describing this image are: Between the classes comic, drawing, game, graph, logo, map, photograph, title,"
../data/test/drawing/EXP-1906-03-31-a-i0134.jpg,<image>Keywords describing this image are,drawing,"Keywords describing this image are: Between the classes comic, drawing, game, graph, logo, map, photograph, title,"
../data/test/drawing/IMP-1992-02-10-a-i0160.jpg,<image>Keywords describing this image are,drawing,"Keywords describing this image are comic, drawing, game, graph, logo, map, photograph, title, this image is a"
../data/test/drawing/IMP-1911-01-14-a-i0027.jpg,<image>Keywords describing this image are,drawing,"Keywords describing this image are comic, drawing, game, graph, logo, map, photograph, title, this image is a"
../data/test/drawing/IMP-1984-11-06-a-i0005.jpg,<image>Keywords describing this image are,drawing,"Keywords describing this image are comic, drawing, game, graph, logo, map, photograph, title, this image is a"
../data/test/drawing/IMP-1949-09-30-a-i0010.jpg,<image>Keywords describing this image are,drawing,"Keywords describing this image are comic, drawing, game, graph, logo, map, photograph, title, this image is a"
../data/test/drawing/JDG-1955-02-10-a-i0014.jpg,<image>Keywords describing this image are,drawing,"Keywords describing this image are comic, drawing, game, graph, logo, map, photograph, title, this image is a"
../data/test/drawing/IMP-1915-04-08-a-i0038_2.jpg,<image>Keywords describing this image are,drawing,"Keywords describing this image are: piano, music, music notation, music, music, music. Between the classes comic, drawing"
../data/test/drawing/IMP-1904-04-09-a-i0002.jpg,<image>Keywords describing this image are,drawing,"Keywords describing this image are: Between the classes comic, drawing, game, graph, logo, map, photograph, title,"
../data/test/drawing/IMP-1915-05-18-a-i0007.jpg,<image>Keywords describing this image are,drawing,"Keywords describing this image are ship, battleship, battleship. Between the classes comic, drawing, game, graph, logo"
../data/test/drawing/JDG-1978-10-23-a-i0020.jpg,<image>Keywords describing this image are,drawing,"Keywords describing this image are comic, drawing, game, graph, logo, map, photograph, title, this image is a"
../data/test/drawing/EXP-1972-07-08-a-i0361_3.jpg,<image>Keywords describing this image are,drawing,"Keywords describing this image are comic, drawing, game, graph, logo, map, photograph, title, this image is a"
../data/test/drawing/IMP-1976-01-24-a-i0073.jpg,<image>Keywords describing this image are,drawing,"Keywords describing this image are comic, drawing, game, graph, logo, map, photograph, title, this image is a"
../data/test/drawing/IMP-1910-05-01-a-i0094_10.jpg,<image>Keywords describing this image are,drawing,"Keywords describing this image are costume, dress, fashion, lady, lady, lady, lady, lady, lady, lady,"
../data/test/drawing/IMP-1930-02-27-a-i0033.jpg,<image>Keywords describing this image are,drawing,"Keywords describing this image are drawing, game, graph, logo, map, photograph, title, this image is a title."
../data/test/drawing/LCE-1915-12-25-a-i0042.jpg,<image>Keywords describing this image are,drawing,"Keywords describing this image are sewing machine, machine, sewing. Between the classes comic, drawing, game, graph, logo,"
../data/test/drawing/EXP-1914-02-11-a-i0087.jpg,<image>Keywords describing this image are,drawing,"Keywords describing this image are: building, building, building, building, building, building, building, building, building, building"
../data/test/drawing/EXP-1988-07-13-a-i0007.jpg,<image>Keywords describing this image are,drawing,"Keywords describing this image are comic, drawing, game, graph, logo, map, photograph, title, this image is a"
../data/test/drawing/IMP-1983-10-03-a-i0220.jpg,<image>Keywords describing this image are,drawing,"Keywords describing this image are: game, graph, logo, map, photograph, title. Between the classes comic, drawing,"
../data/test/drawing/IMP-1901-05-29-a-i0035.jpg,<image>Keywords describing this image are,drawing,"Keywords describing this image are drawing, game, graph, logo, map, photograph, title, this image is a title."
../data/test/drawing/IMP-2000-09-15-a-i0197_3.jpg,<image>Keywords describing this image are,drawing,"Keywords describing this image are comic, drawing, game, graph, logo, map, photograph, title, this image is a"
../data/test/drawing/LCE-1908-08-12-a-i0050.jpg,<image>Keywords describing this image are,drawing,"Keywords describing this image are drawing, game, graph, logo, map, photograph, title, this image is a title."
../data/test/drawing/EXP-1973-09-01-a-i0451_4.jpg,<image>Keywords describing this image are,drawing,"Keywords describing this image are comic, drawing, game, graph, logo, map, photograph, title, this image is a"
../data/test/drawing/IMP-1913-11-22-a-i0062.jpg,<image>Keywords describing this image are,drawing,"Keywords describing this image are: Between the classes comic, drawing, game, graph, logo, map, photograph, title,"
../data/test/drawing/GDL-1975-12-13-a-i0099.jpg,<image>Keywords describing this image are,drawing,"Keywords describing this image are comic, drawing, game, graph, logo, map, photograph, title, this image is a"
../data/test/drawing/IMP-1920-03-19-a-i0002.jpg,<image>Keywords describing this image are,drawing,"Keywords describing this image are: Between the classes comic, drawing, game, graph, logo, map, photograph, title,"
../data/test/drawing/GDL-1949-09-03-a-i0216.jpg,<image>Keywords describing this image are,drawing,"Keywords describing this image are comic, drawing, game, graph, logo, map, photograph, title, this image is a"
../data/test/drawing/IMP-2001-07-17-a-i0177_2.jpg,<image>Keywords describing this image are,drawing,"Keywords describing this image are comic, drawing, game, graph, logo, map, photograph, title, this image is a"
../data/test/drawing/JDG-1971-07-24-a-i0130.jpg,<image>Keywords describing this image are,drawing,"Keywords describing this image are drawing, game, graph, logo, map, photograph, title, this image is a title."
../data/test/drawing/IMP-1906-12-16-a-i0013.jpg,<image>Keywords describing this image are,drawing,"Keywords describing this image are comic, drawing, game, graph, logo, map, photograph, title, this image is a"
../data/test/drawing/IMP-1929-10-16-a-i0005.jpg,<image>Keywords describing this image are,drawing,"Keywords describing this image are ship, boat, boat, boat, boat, boat, boat, boat, boat, boat,"
../data/test/drawing/IMP-1937-02-16-a-i0012.jpg,<image>Keywords describing this image are,drawing,"Keywords describing this image are comic, drawing, game, graph, logo, map, photograph, title, this image is a"
../data/test/drawing/IMP-1923-12-21-a-i0030.jpg,<image>Keywords describing this image are,drawing,"Keywords describing this image are costume, dress, fashion, flapper, flapper dress, flapper girl, flapper girl"
../data/test/drawing/IMP-1981-02-18-a-i0085.jpg,<image>Keywords describing this image are,drawing,"Keywords describing this image are drawing, game, graph, logo, map, photograph, title, this image is a title."
../data/test/drawing/LCE-1908-02-29-a-i0040.jpg,<image>Keywords describing this image are,drawing,"Keywords describing this image are game, graph, logo, map, photograph, title, this image is a title. Between the"
../data/test/drawing/LCE-1992-06-12-a-i0032.jpg,<image>Keywords describing this image are,drawing,"Keywords describing this image are: Between the classes comic, drawing, game, graph, logo, map, photograph, title,"
../data/test/drawing/IMP-1981-02-18-a-i0085_4.jpg,<image>Keywords describing this image are,drawing,"Keywords describing this image are drawing, game, graph, logo, map, photograph, title, this image is a title."
../data/test/drawing/EXP-1974-05-25-a-i0325_2.jpg,<image>Keywords describing this image are,drawing,"Keywords describing this image are drawing, game, graph, logo, map, photograph, title. Between the classes comic, drawing"
../data/test/drawing/LCE-1919-05-03-a-i0022.jpg,<image>Keywords describing this image are,drawing,"Keywords describing this image are comic, drawing, game, graph, logo, map, photograph, title, this image is a"
../data/test/drawing/IMP-1993-09-25-a-i0275.jpg,<image>Keywords describing this image are,drawing,"Keywords describing this image are comic, drawing, game, graph, logo, map, photograph, title, this image is a"
../data/test/map/JDG-1940-03-08-a-i0008.jpg,<image>Keywords describing this image are,map,"Keywords describing this image are: Between the classes comic, drawing, game, graph, logo, map, photograph, title,"
../data/test/map/GDL-1941-07-15-a-i0121.jpg,<image>Keywords describing this image are,map,"Keywords describing this image are map, military, military map, military map of egypt, map of egypt, military map"
../data/test/map/EXP-1992-02-14-a-i0439_3.jpg,<image>Keywords describing this image are,map,"Keywords describing this image are: carte, carte, carte, carte, carte, carte, cart"
../data/test/map/IMP-1960-01-16-a-i0024.jpg,<image>Keywords describing this image are,map,"Keywords describing this image are map, this image is a map. Between the classes comic, drawing, game, graph, logo"
../data/test/map/JDG-1987-04-10-a-i0203_2.jpg,<image>Keywords describing this image are,map,"Keywords describing this image are: international, business, park, switzerland.<|endofchunk|>"
../data/test/map/LCE-1998-03-06-a-i0015_2.jpg,<image>Keywords describing this image are,map,"Keywords describing this image are: between the classes, comic, drawing, game, graph, logo, map, photograph, title"
../data/test/map/GDL-1950-05-17-a-i0056.jpg,<image>Keywords describing this image are,map,"Keywords describing this image are Le Combattant Gauri-Koubass. Between the classes comic, drawing,"
../data/test/map/GDL-1907-04-02-a-i0069.jpg,<image>Keywords describing this image are,map,"Keywords describing this image are: geology, geology, geology, geology, geology, geology, ge"
../data/test/map/EXP-1979-10-23-a-i0132_2.jpg,<image>Keywords describing this image are,map,"Keywords describing this image are: Between the classes comic, drawing, game, graph, logo, map, photograph, title,"
../data/test/map/EXP-2003-09-29-a-i0014.jpg,<image>Keywords describing this image are,map,"Keywords describing this image are: hong kong, hong kong map, hong kong, hong k"
../data/test/map/GDL-1918-12-02-a-i0002.jpg,<image>Keywords describing this image are,map,"Keywords describing this image are map, this image is a map. Between the classes comic, drawing, game, graph, logo"
../data/test/map/GDL-1991-06-01-a-i0298.jpg,<image>Keywords describing this image are,map,"Keywords describing this image are: between the classes, comic, drawing, game, graph, logo, map, photograph, title"
../data/test/map/EXP-2009-01-31-a-i0302_2.jpg,<image>Keywords describing this image are,map,"Keywords describing this image are: between the classes, comic, drawing, game, graph, logo, map, photograph, title"
../data/test/map/JDG-1959-02-02-a-i0018.jpg,<image>Keywords describing this image are,map,"Keywords describing this image are: carte, carte de, carte de la, carte de la, carte"
../data/test/map/EXP-2017-08-02-a-i0209.jpg,<image>Keywords describing this image are,map,"Keywords describing this image are: newspaper, newspaper, newspaper, newspaper, newspaper, newspaper, newspaper, newspaper, newspaper, newspaper"
../data/test/map/EXP-1957-07-04-a-i0103_2.jpg,<image>Keywords describing this image are,map,"Keywords describing this image are: Between the classes comic, drawing, game, graph, logo, map, photograph, title,"
../data/test/game/IMP-1973-09-01-a-i0208.jpg,<image>Keywords describing this image are,game,"Keywords describing this image are: between the classes, comic, drawing, game, graph, logo, map, photograph, title"
../data/test/game/GDL-1964-05-30-a-i0320.jpg,<image>Keywords describing this image are,game,"Keywords describing this image are game, graph, logo, map, photograph, title, this image is a title. Between the"
../data/test/game/IMP-2017-11-18-a-i0260.jpg,<image>Keywords describing this image are,game,"Keywords describing this image are: game, graph, logo, map, photograph, title.<|endofchunk|>"
../data/test/game/EXP-1972-06-12-a-i0345_2.jpg,<image>Keywords describing this image are,game,"Keywords describing this image are game, graph, logo, map, photograph, title, this image is a title. Between the"
../data/test/game/JDG-1942-06-09-a-i0052.jpg,<image>Keywords describing this image are,game,"Keywords describing this image are game, graph, logo, map, photograph, title. Between the classes comic, drawing, game"
../data/test/game/GDL-1915-07-04-a-i0099.jpg,<image>Keywords describing this image are,game,"Keywords describing this image are game, graph, logo, map, photograph, title, this image is a title. Between the"
../data/test/game/IMP-2008-10-15-a-i0133_3.jpg,<image>Keywords describing this image are,game,"Keywords describing this image are: between the classes, comic, drawing, game, graph, logo, map, photograph, title"
../data/test/game/IMP-1989-07-01-a-i0086_3.jpg,<image>Keywords describing this image are,game,"Keywords describing this image are: between the classes, comic, drawing, game, graph, logo, map, photograph, title"
../data/test/game/EXP-1981-09-01-a-i0332_3.jpg,<image>Keywords describing this image are,game,"Keywords describing this image are comic, drawing, game, graph, logo, map, photograph, title, this image is a"
../data/test/game/IMP-1941-10-18-a-i0034.jpg,<image>Keywords describing this image are,game,"Keywords describing this image are: between the classes, comic, drawing, game, graph, logo, map, photograph, title"
../data/test/game/JDG-1943-06-09-a-i0074.jpg,<image>Keywords describing this image are,game,"Keywords describing this image are game, graph, logo, map, photograph, title, this image is a title. Between the"
../data/test/game/GDL-1926-07-12-a-i0063_2.jpg,<image>Keywords describing this image are,game,"Keywords describing this image are: between the classes, comic, drawing, game, graph, logo, map, photograph, title"
../data/test/game/IMP-1958-06-25-a-i0118.jpg,<image>Keywords describing this image are,game,"Keywords describing this image are game, graph, logo, map, photograph, title. Between the classes comic, drawing, game"
../data/test/game/GDL-1964-05-30-a-i0320_6.jpg,<image>Keywords describing this image are,game,"Keywords describing this image are game, graph, logo, map, photograph, title. Between the classes comic, drawing, game"
../data/test/game/EXP-2009-03-18-a-i0136.jpg,<image>Keywords describing this image are,game,"Keywords describing this image are: between the classes, comic, drawing, game, graph, logo, map, photograph, title"
../data/test/game/EXP-2014-07-11-a-i0125.jpg,<image>Keywords describing this image are,game,"Keywords describing this image are: between the classes, comic, drawing, game, graph, logo, map, photograph, title"
../data/test/game/JDG-1987-11-06-a-i0201.jpg,<image>Keywords describing this image are,game,"Keywords describing this image are chess, game, graph, logo, map, photograph, title.<|endofchunk|>"
../data/test/game/EXP-2011-10-25-a-i0292.jpg,<image>Keywords describing this image are,game,"Keywords describing this image are: game, graph, logo, map, photograph, title.<|endofchunk|>"
../data/test/game/JDG-1974-09-14-a-i0221.jpg,<image>Keywords describing this image are,game,"Keywords describing this image are game, graph, logo, map, photograph, title, this image is a title. Between the"
../data/test/game/IMP-1981-10-23-a-i0114.jpg,<image>Keywords describing this image are,game,"Keywords describing this image are: between the classes, comic, drawing, game, graph, logo, map, photograph, title"
../data/test/game/IMP-1967-05-03-a-i0276.jpg,<image>Keywords describing this image are,game,"Keywords describing this image are game, graph, logo, map, photograph, title, this image is a title. Between the"
../data/test/game/IMP-1973-10-31-a-i0019.jpg,<image>Keywords describing this image are,game,"Keywords describing this image are game, graph, logo, map, photograph, title, this image is a title. Between the"
../data/test/game/EXP-2000-11-14-a-i0347_2.jpg,<image>Keywords describing this image are,game,"Keywords describing this image are: between the classes, comic, drawing, game, graph, logo, map, photograph, title"
../data/test/game/EXP-1965-10-04-a-i0242.jpg,<image>Keywords describing this image are,game,"Keywords describing this image are: between the classes, comic, drawing, game, graph, logo, map, photograph, title"
../data/test/game/GDL-1938-09-18-a-i0054.jpg,<image>Keywords describing this image are,game,"Keywords describing this image are: between the classes, comic, drawing, game, graph, logo, map, photograph, title"
../data/test/game/JDG-1988-01-20-a-i0172.jpg,<image>Keywords describing this image are,game,"Keywords describing this image are: between the classes, comic, drawing, game, graph, logo, map, photograph, title"
../data/test/game/GDL-1971-03-06-a-i0329.jpg,<image>Keywords describing this image are,game,"Keywords describing this image are game, graph, logo, map, photograph, title. Between the classes comic, drawing, game"
../data/test/game/EXP-1996-12-30-a-i0048.jpg,<image>Keywords describing this image are,game,"Keywords describing this image are: between the classes, comic, drawing, game, graph, logo, map, photograph, title"
../data/test/game/GDL-1974-11-02-a-i0180_9.jpg,<image>Keywords describing this image are,game,"Keywords describing this image are game, graph, logo, map, photograph, title. Between the classes comic, drawing, game"
../data/test/game/JDG-1936-02-07-a-i0064.jpg,<image>Keywords describing this image are,game,"Keywords describing this image are: game, graph, logo, map, photograph, title.<|endofchunk|>"
../data/test/game/EXP-1981-09-01-a-i0332.jpg,<image>Keywords describing this image are,game,"Keywords describing this image are: between the classes, comic, drawing, game, graph, logo, map, photograph, title"
../data/test/game/GDL-1961-04-08-a-i0326.jpg,<image>Keywords describing this image are,game,"Keywords describing this image are game, graph, logo, map, photograph, title. Between the classes comic, drawing, game"
../data/test/game/EXP-1967-09-29-a-i0450_2.jpg,<image>Keywords describing this image are,game,"Keywords describing this image are game, graph, logo, map, photograph, title, this image is a title. Between the"
../data/test/game/EXP-1939-12-13-a-i0083.jpg,<image>Keywords describing this image are,game,"Keywords describing this image are: between the classes, comic, drawing, game, graph, logo, map, photograph, title"
../data/test/game/EXP-2013-08-14-a-i0109.jpg,<image>Keywords describing this image are,game,"Keywords describing this image are: between the classes, comic, drawing, game, graph, logo, map, photograph, title"
../data/test/game/EXP-1936-02-14-a-i0035.jpg,<image>Keywords describing this image are,game,"Keywords describing this image are game, graph, logo, map, photograph, title. Between the classes comic, drawing, game"
../data/test/game/EXP-2017-07-07-a-i0104.jpg,<image>Keywords describing this image are,game,"Keywords describing this image are: between the classes, comic, drawing, game, graph, logo, map, photograph, title"
../data/test/game/JDG-1974-05-18-a-i0221_2.jpg,<image>Keywords describing this image are,game,"Keywords describing this image are game, graph, logo, map, photograph, title. Between the classes comic, drawing, game"
../data/test/game/IMP-2002-05-06-a-i0141.jpg,<image>Keywords describing this image are,game,"Keywords describing this image are: between the classes, comic, drawing, game, graph, logo, map, photograph, title"
../data/test/game/IMP-1985-07-06-a-i0063.jpg,<image>Keywords describing this image are,game,"Keywords describing this image are: between the classes, comic, drawing, game, graph, logo, map, photograph, title"
../data/test/game/EXP-1959-02-20-a-i0098.jpg,<image>Keywords describing this image are,game,"Keywords describing this image are game, graph, logo, map, photograph, title, this image is a title. Between the"
../data/test/game/JDG-1947-12-27-a-i0052.jpg,<image>Keywords describing this image are,game,"Keywords describing this image are game, graph, logo, map, photograph, title.<|endofchunk|>"
../data/test/game/GDL-1958-03-15-a-i0317.jpg,<image>Keywords describing this image are,game,"Keywords describing this image are: between the classes, comic, drawing, game, graph, logo, map, photograph, title"
../data/test/game/EXP-1956-03-05-a-i0103.jpg,<image>Keywords describing this image are,game,"Keywords describing this image are game, graph, logo, map, photograph, title, this image is a title. Between the"
../data/test/game/EXP-1976-05-15-a-i0373.jpg,<image>Keywords describing this image are,game,"Keywords describing this image are: between the classes, comic, drawing, game, graph, logo, map, photograph, title"
../data/test/photo/JDG-1979-05-09-a-i0130.jpg,<image>Keywords describing this image are,photo,"Keywords describing this image are police, riot, soldier, riot, soldier, riot, riot, riot, riot, riot,"
../data/test/photo/JDG-1974-05-18-a-i0221.jpg,<image>Keywords describing this image are,photo,"Keywords describing this image are: Between the classes comic, drawing, game, graph, logo, map, photograph, title,"
../data/test/photo/EXP-1968-07-02-a-i0132.jpg,<image>Keywords describing this image are,photo,"Keywords describing this image are Between the classes comic, drawing, game, graph, logo, map, photograph, title, this"
../data/test/photo/IMP-1931-02-18-a-i0004.jpg,<image>Keywords describing this image are,photo,"Keywords describing this image are comic, drawing, game, graph, logo, map, photograph, title, this image is a"
../data/test/photo/IMP-1976-06-14-a-i0140.jpg,<image>Keywords describing this image are,photo,"Keywords describing this image are: gymnastics, gymnasts, gymnastic, gymnastics, gymnastics, gymnastics, gymn"
../data/test/photo/IMP-1977-11-14-a-i0107.jpg,<image>Keywords describing this image are,photo,"Keywords describing this image are comic, drawing, game, graph, logo, map, photograph, title, this image is a"
../data/test/photo/JDG-1909-11-09-a-i0050.jpg,<image>Keywords describing this image are,photo,"Keywords describing this image are: Between the classes comic, drawing, game, graph, logo, map, photograph, title,"
../data/test/photo/EXP-2007-12-27-a-i0146.jpg,<image>Keywords describing this image are,photo,"Keywords describing this image are: football, football player, player, soccer, soccer player. Between the classes comic, drawing,"
../data/test/photo/IMP-1938-03-17-a-i0003.jpg,<image>Keywords describing this image are,photo,"Keywords describing this image are Between the classes comic, drawing, game, graph, logo, map, photograph, title, this"
../data/test/photo/IMP-1939-04-29-a-i0002.jpg,<image>Keywords describing this image are,photo,"Keywords describing this image are: swimsuit, bikini, swimwear, bathing suit, swimwear, bathing suit,"
../data/test/photo/EXP-1978-11-11-a-i0510.jpg,<image>Keywords describing this image are,photo,"Keywords describing this image are drawing, game, graph, logo, map, photograph, title, this image is a title."
../data/test/photo/JDG-1969-07-12-a-i0114.jpg,<image>Keywords describing this image are,photo,"Keywords describing this image are: Between the classes comic, drawing, game, graph, logo, map, photograph, title,"
../data/test/photo/EXP-1929-08-19-a-i0011.jpg,<image>Keywords describing this image are,photo,"Keywords describing this image are: between the classes, comic, drawing, game, graph, logo, map, photograph, title"
../data/test/photo/EXP-1945-12-13-a-i0079.jpg,<image>Keywords describing this image are,photo,"Keywords describing this image are: Between the classes comic, drawing, game, graph, logo, map, photograph, title,"
../data/test/photo/IMP-1958-10-24-a-i0187.jpg,<image>Keywords describing this image are,photo,"Keywords describing this image are: Between the classes comic, drawing, game, graph, logo, map, photograph, title,"
../data/test/photo/IMP-1964-09-14-a-i0232.jpg,<image>Keywords describing this image are,photo,"Keywords describing this image are: Between the classes comic, drawing, game, graph, logo, map, photograph, title,"
../data/test/photo/JDG-1945-04-11-a-i0005.jpg,<image>Keywords describing this image are,photo,"Keywords describing this image are: Between the classes comic, drawing, game, graph, logo, map, photograph, title,"
../data/test/photo/IMP-1986-09-08-a-i0222.jpg,<image>Keywords describing this image are,photo,"Keywords describing this image are: Between the classes comic, drawing, game, graph, logo, map, photograph, title,"
../data/test/photo/IMP-1978-09-23-a-i0009.jpg,<image>Keywords describing this image are,photo,"Keywords describing this image are: Between the classes comic, drawing, game, graph, logo, map, photograph, title,"
../data/test/photo/IMP-1944-04-03-a-i0005.jpg,<image>Keywords describing this image are,photo,"Keywords describing this image are tree, wood, woodpecker, woodpecker.<|endofchunk|>"
../data/test/photo/EXP-1987-06-09-a-i0138.jpg,<image>Keywords describing this image are,photo,"Keywords describing this image are orchestra, band, bandstand, band, bandstand, band, bandstand, band, band"
../data/test/photo/IMP-2002-12-28-a-i0029.jpg,<image>Keywords describing this image are,photo,"Keywords describing this image are: game, graph, logo, map, photograph, title. Between the classes comic, drawing,"
../data/test/photo/IMP-1984-09-11-a-i0275.jpg,<image>Keywords describing this image are,photo,"Keywords describing this image are: Between the classes comic, drawing, game, graph, logo, map, photograph, title,"
../data/test/photo/EXP-1963-12-18-a-i0160.jpg,<image>Keywords describing this image are,photo,"Keywords describing this image are: Between the classes comic, drawing, game, graph, logo, map, photograph, title,"
../data/test/photo/IMP-2005-05-30-a-i0078.jpg,<image>Keywords describing this image are,photo,"Keywords describing this image are: bavarian, costume, dress, germany, german, germania, g"
../data/test/photo/IMP-1940-02-21-a-i0005.jpg,<image>Keywords describing this image are,photo,"Keywords describing this image are: Between the classes comic, drawing, game, graph, logo, map, photograph, title,"
../data/test/photo/EXP-1967-04-24-a-i0127.jpg,<image>Keywords describing this image are,photo,"Keywords describing this image are: Between the classes comic, drawing, game, graph, logo, map, photograph, title,"
../data/test/photo/IMP-1930-01-08-a-i0004.jpg,<image>Keywords describing this image are,photo,"Keywords describing this image are: title, drawing, game, graph, logo, map, photograph, title, this image is"
../data/test/photo/IMP-1968-02-01-a-i0304.jpg,<image>Keywords describing this image are,photo,"Keywords describing this image are: automobile, car, car crash, crash, crash test, crash test dummies, crash"
../data/test/photo/JDG-1959-11-11-a-i0141.jpg,<image>Keywords describing this image are,photo,"Keywords describing this image are: Between the classes, comic, drawing, game, graph, logo, map, photograph, title"
../data/test/photo/IMP-2008-02-13-a-i0010.jpg,<image>Keywords describing this image are,photo,"Keywords describing this image are: this image is a comic, drawing, game, graph, logo, map, photograph, title"
../data/test/photo/EXP-2015-07-13-a-i0127.jpg,<image>Keywords describing this image are,photo,"Keywords describing this image are: between the classes, comic, drawing, game, graph, logo, map, photograph, title"
../data/test/photo/IMP-1968-08-23-a-i0248.jpg,<image>Keywords describing this image are,photo,"Keywords describing this image are: rugby, rugby union, rugby league, rugby union, rugby league, rugby union, rugby union"
../data/test/photo/IMP-1941-09-09-a-i0010.jpg,<image>Keywords describing this image are,photo,"Keywords describing this image are railroad, railroad station, railroad, railroad, railroad, railroad, railroad, railroad, railroad, railroad"
../data/test/photo/EXP-2000-09-13-a-i0271.jpg,<image>Keywords describing this image are,photo,"Keywords describing this image are: between the classes, comic, drawing, game, graph, logo, map, photograph, title"
../data/test/photo/IMP-1932-09-19-a-i0005.jpg,<image>Keywords describing this image are,photo,"Keywords describing this image are: 'Between the classes comic, drawing, game, graph, logo, map, photograph, title"
../data/test/photo/EXP-2016-04-04-a-i0128.jpg,<image>Keywords describing this image are,photo,"Keywords describing this image are: Between the classes comic, drawing, game, graph, logo, map, photograph, title,"
../data/test/photo/IMP-2016-05-31-a-i0193.jpg,<image>Keywords describing this image are,photo,"Keywords describing this image are basket, basket-ball, basket-ball, basket, basket-ball, basket-ball,"
../data/test/photo/EXP-1957-02-04-a-i0014.jpg,<image>Keywords describing this image are,photo,"Keywords describing this image are cartoon, drawing, game, graph, logo, map, photograph, title, this image is a"
../data/test/photo/EXP-1999-02-26-a-i0228.jpg,<image>Keywords describing this image are,photo,"Keywords describing this image are cross country skiing, cross country skiing, cross country skiing, cross country skiing, cross country skiing,"
../data/test/photo/IMP-2002-06-13-a-i0314.jpg,<image>Keywords describing this image are,photo,"Keywords describing this image are comic, drawing, game, graph, logo, map, photograph, title, this image is a"
../data/test/photo/IMP-2015-06-19-a-i0017.jpg,<image>Keywords describing this image are,photo,"Keywords describing this image are: Between the classes comic, drawing, game, graph, logo, map, photograph, title,"
../data/test/photo/GDL-1967-01-16-a-i0140.jpg,<image>Keywords describing this image are,photo,"Keywords describing this image are: between the classes, comic, drawing, game, graph, logo, map, photograph, title"
../data/test/photo/EXP-2007-09-04-a-i0328.jpg,<image>Keywords describing this image are,photo,"Keywords describing this image are: Between the classes comic, drawing, game, graph, logo, map, photograph, title,"
../data/test/photo/EXP-1996-09-14-a-i0295.jpg,<image>Keywords describing this image are,photo,"Keywords describing this image are drawing, game, graph, logo, map, photograph, title, this image is a title."
../data/test/photo/IMP-2004-06-19-a-i0149.jpg,<image>Keywords describing this image are,photo,"Keywords describing this image are: between the classes, comic, drawing, game, graph, logo, map, photograph, title"
../data/test/photo/IMP-2013-01-24-a-i0107.jpg,<image>Keywords describing this image are,photo,"Keywords describing this image are: author, author photo, book, book cover, book jacket, bookmark, bookplate,"
../data/test/photo/EXP-1975-09-10-a-i0205.jpg,<image>Keywords describing this image are,photo,"Keywords describing this image are: football, soccer, soccer player, player, goal, goalkeeper, goal, goal, goal"
../data/test/photo/JDG-1990-02-23-a-i0168.jpg,<image>Keywords describing this image are,photo,"Keywords describing this image are: this image is a drawing, this image is a game, this image is a graph, this"
../data/test/photo/GDL-1925-12-14-a-i0044.jpg,<image>Keywords describing this image are,photo,"Keywords describing this image are cartoon, cartoonist, cartoonist, cartoonist, cartoonist, cartoonist, cartoonist,"
../data/test/photo/EXP-2011-06-01-a-i0189.jpg,<image>Keywords describing this image are,photo,"Keywords describing this image are: between the classes, comic, drawing, game, graph, logo, map, photograph, title"
../data/test/photo/EXP-2015-04-24-a-i0167.jpg,<image>Keywords describing this image are,photo,"Keywords describing this image are Between the classes comic, drawing, game, graph, logo, map, photograph, title, this"
../data/test/photo/IMP-2014-03-27-a-i0062.jpg,<image>Keywords describing this image are,photo,"Keywords describing this image are: music, hip hop, rap, rap star, rapper, rapper, hip hop, rap,"
../data/test/photo/IMP-2006-10-05-a-i0259.jpg,<image>Keywords describing this image are,photo,"Keywords describing this image are Between the classes, comic, drawing, game, graph, logo, map, photograph, title,"
../data/test/photo/EXP-1971-12-02-a-i0451.jpg,<image>Keywords describing this image are,photo,"Keywords describing this image are dress, hat, lady, portrait, woman. Between the classes comic, drawing, game, graph"
../data/test/photo/IMP-2016-08-05-a-i0071.jpg,<image>Keywords describing this image are,photo,"Keywords describing this image are: smartphone, mobile phone, camera, selfie, selfie stick, selfie, selfie"
../data/test/photo/IMP-2012-06-27-a-i0062.jpg,<image>Keywords describing this image are,photo,"Keywords describing this image are: between the classes, comic, drawing, game, graph, logo, map, photograph, title"
../data/test/photo/LCE-1977-12-20-a-i0030.jpg,<image>Keywords describing this image are,photo,"Keywords describing this image are: Between the classes comic, drawing, game, graph, logo, map, photograph, title,"
../data/test/photo/JDG-1995-03-30-a-i0189.jpg,<image>Keywords describing this image are,photo,"Keywords describing this image are comic, drawing, game, graph, logo, map, photograph, title, this image is a"
../data/test/photo/EXP-1915-11-19-a-i0077.jpg,<image>Keywords describing this image are,photo,"Keywords describing this image are ship, shipyard, ship, dock, dockyard, shipyard, dock, dockyard,"
../data/test/photo/EXP-1940-07-24-a-i0012.jpg,<image>Keywords describing this image are,photo,"Keywords describing this image are: Between the classes comic, drawing, game, graph, logo, map, photograph, title,"
../data/test/photo/IMP-2004-02-19-a-i0002.jpg,<image>Keywords describing this image are,photo,"Keywords describing this image are: between the classes, comic, drawing, game, graph, logo, map, photograph, title"
../data/test/photo/IMP-1976-03-11-a-i0063.jpg,<image>Keywords describing this image are,photo,"Keywords describing this image are drawing, game, graph, logo, map, photograph, title, this image is a title."
../data/test/photo/IMP-1913-07-31-a-i0020.jpg,<image>Keywords describing this image are,photo,"Keywords describing this image are Between the classes comic, drawing, game, graph, logo, map, photograph, title, this"
../data/test/photo/EXP-1970-05-26-a-i0220.jpg,<image>Keywords describing this image are,photo,"Keywords describing this image are: building, building, building, building, building, building, building, building, building, building"
../data/test/photo/EXP-2008-10-10-a-i0155.jpg,<image>Keywords describing this image are,photo,"Keywords describing this image are golfer, golf, golf ball, golf club, golf course, golf hole, golf shot,"
../data/test/photo/IMP-1943-02-06-a-i0003_3.jpg,<image>Keywords describing this image are,photo,"Keywords describing this image are: Between the classes comic, drawing, game, graph, logo, map, photograph, title,"
../data/test/photo/IMP-1915-11-10-a-i0006_2.jpg,<image>Keywords describing this image are,photo,"Keywords describing this image are Between the classes comic, drawing, game, graph, logo, map, photograph, title, this"
../data/test/photo/IMP-1972-11-23-a-i0328.jpg,<image>Keywords describing this image are,photo,"Keywords describing this image are: ski, skier, skier, skier, skier, skier, skier"
../data/test/photo/IMP-1992-10-17-a-i0264.jpg,<image>Keywords describing this image are,photo,"Keywords describing this image are: Between the classes comic, drawing, game, graph, logo, map, photograph, title,"
../data/test/photo/IMP-1948-05-05-a-i0044.jpg,<image>Keywords describing this image are,photo,"Keywords describing this image are: Between the classes comic, drawing, game, graph, logo, map, photograph, title,"
../data/test/photo/EXP-2002-04-06-a-i0048.jpg,<image>Keywords describing this image are,photo,"Keywords describing this image are library, book, bookcase, books, bookshelf, bookcase, bookcase, bookcase"
../data/test/photo/JDG-1941-10-29-a-i0004.jpg,<image>Keywords describing this image are,photo,"Keywords describing this image are: building, building, building, building, building, building, building, building, building, building"
../data/test/photo/IMP-2017-05-10-a-i0059.jpg,<image>Keywords describing this image are,photo,"Keywords describing this image are: construction, road, road construction, road building, road building, road construction, road building,"
../data/test/photo/IMP-1981-01-08-a-i0013.jpg,<image>Keywords describing this image are,photo,"Keywords describing this image are Between the classes comic, drawing, game, graph, logo, map, photograph, title, this"
../data/test/photo/IMP-1945-07-28-a-i0096.jpg,<image>Keywords describing this image are,photo,"Keywords describing this image are: Between the classes comic, drawing, game, graph, logo, map, photograph, title,"
../data/test/photo/JDG-1979-10-17-a-i0143.jpg,<image>Keywords describing this image are,photo,"Keywords describing this image are: Between the classes comic, drawing, game, graph, logo, map, photograph, title,"
../data/test/photo/GDL-1989-04-08-a-i0200.jpg,<image>Keywords describing this image are,photo,"Keywords describing this image are: Between the classes comic, drawing, game, graph, logo, map, photograph, title,"
../data/test/photo/EXP-1934-09-17-a-i0013.jpg,<image>Keywords describing this image are,photo,"Keywords describing this image are bridge, carte, carte postale, carte postale, carte postale,"
../data/test/photo/EXP-1966-02-18-a-i0473.jpg,<image>Keywords describing this image are,photo,"Keywords describing this image are: space, rocket, rocket launch, rocket launch site, rocket launch, rocket launch site, rocket"
../data/test/photo/EXP-2002-11-11-a-i0237.jpg,<image>Keywords describing this image are,photo,"Keywords describing this image are: hockey, hockey player, goalie, goal, goalie, goal, goalie, goal"
../data/test/photo/IMP-2000-05-29-a-i0059.jpg,<image>Keywords describing this image are,photo,"Keywords describing this image are comic, drawing, game, graph, logo, map, photograph, title, this image is a"
../data/test/photo/EXP-2012-02-11-a-i0244.jpg,<image>Keywords describing this image are,photo,"Keywords describing this image are Between the classes, comic, drawing, game, graph, logo, map, photograph, title,"
../data/test/photo/EXP-1948-12-08-a-i0100.jpg,<image>Keywords describing this image are,photo,"Keywords describing this image are: Between the classes comic, drawing, game, graph, logo, map, photograph, title,"
../data/test/photo/EXP-1962-08-21-a-i0108.jpg,<image>Keywords describing this image are,photo,"Keywords describing this image are: motorbike, motorcycle, biker, biker, biker, motorbike,"
../data/test/photo/IMP-2017-07-05-a-i0077.jpg,<image>Keywords describing this image are,photo,"Keywords describing this image are drawing, game, graph, logo, map, photograph, title, this image is a title."
../data/test/photo/EXP-1956-04-06-a-i0012.jpg,<image>Keywords describing this image are,photo,"Keywords describing this image are Between the classes comic, drawing, game, graph, logo, map, photograph, title, this"
../data/test/photo/IMP-2010-01-26-a-i0273.jpg,<image>Keywords describing this image are,photo,"Keywords describing this image are drawing, game, graph, logo, map, photograph, title, this image is a title."
../data/test/photo/EXP-2001-03-16-a-i0237.jpg,<image>Keywords describing this image are,photo,"Keywords describing this image are hockey, ice, ice hockey, goal, goalie, goal, goalie, goal, goal"
../data/test/photo/EXP-1929-04-20-a-i0006.jpg,<image>Keywords describing this image are,photo,"Keywords describing this image are soldier, rifle, rifleman, rifle, rifleman, soldier, soldier, soldier, soldier,"
../data/test/photo/EXP-2009-06-27-a-i0182.jpg,<image>Keywords describing this image are,photo,"Keywords describing this image are tennis, Roger Federer, Wimbledon.<|endofchunk|>"
../data/test/photo/EXP-2017-05-03-a-i0038.jpg,<image>Keywords describing this image are,photo,"Keywords describing this image are: between the classes, comic, drawing, game, graph, logo, map, photograph, title"
../data/test/photo/IMP-1927-03-07-a-i0026.jpg,<image>Keywords describing this image are,photo,"Keywords describing this image are drawing, game, graph, logo, map, photograph, title, this image is a title."
../data/test/photo/IMP-2001-08-24-a-i0185.jpg,<image>Keywords describing this image are,photo,"Keywords describing this image are: horse, horse, horse, horse, horse, horse, horse, horse, horse, horse"
../data/test/photo/EXP-2014-01-10-a-i0101_2.jpg,<image>Keywords describing this image are,photo,"Keywords describing this image are: between the classes, comic, drawing, game, graph, logo, map, photograph, title"
../data/test/photo/IMP-1936-05-11-a-i0011.jpg,<image>Keywords describing this image are,photo,"Keywords describing this image are: aircraft, airplane, airplane, airplane, airplane, airplane, airplane, airplane, airplane, airplane"
../data/test/photo/IMP-1969-09-13-a-i0155.jpg,<image>Keywords describing this image are,photo,"Keywords describing this image are building, construction, construction site, demolition, demolition site, excavation, excavation site"
../data/test/photo/EXP-2012-06-14-a-i0072.jpg,<image>Keywords describing this image are,photo,"Keywords describing this image are: between the classes, comic, drawing, game, graph, logo, map, photograph, title"
../data/test/photo/EXP-2003-04-09-a-i0164.jpg,<image>Keywords describing this image are,photo,"Keywords describing this image are comic, drawing, game, graph, logo, map, photograph, title, this image is a"
../data/test/photo/EXP-1932-03-16-a-i0064.jpg,<image>Keywords describing this image are,photo,"Keywords describing this image are Between the classes comic, drawing, game, graph, logo, map, photograph, title, this"
../data/test/photo/EXP-2010-02-01-a-i0162.jpg,<image>Keywords describing this image are,photo,"Keywords describing this image are: football, football player, football, football player, football, football, football, football, football"
../data/test/photo/IMP-1949-12-22-a-i0014.jpg,<image>Keywords describing this image are,photo,"Keywords describing this image are: Between the classes comic, drawing, game, graph, logo, map, photograph, title,"
../data/test/photo/EXP-2010-03-27-a-i0274.jpg,<image>Keywords describing this image are,photo,"Keywords describing this image are: between the classes, comic, drawing, game, graph, logo, map, photograph, title"
../data/test/photo/IMP-1914-04-14-a-i0002.jpg,<image>Keywords describing this image are,photo,"Keywords describing this image are: queen, queen of spain, queen of spain. Between the classes comic, drawing,"
../data/test/photo/IMP-1938-12-15-a-i0014.jpg,<image>Keywords describing this image are,photo,"Keywords describing this image are: christmas lights, christmas decorations, christmas lights, christmas decorations, christmas lights"
../data/test/photo/IMP-1993-05-08-a-i0276.jpg,<image>Keywords describing this image are,photo,"Keywords describing this image are: between the classes, comic, drawing, game, graph, logo, map, photograph, title"
../data/test/photo/LCE-1974-11-05-a-i0010.jpg,<image>Keywords describing this image are,photo,"Keywords describing this image are basketball, basketball court, basketball game, basketball match, basketball player, basketball player in action, basketball"
../data/test/photo/IMP-2009-12-01-a-i0072.jpg,<image>Keywords describing this image are,photo,"Keywords describing this image are car, christmas, christmas tree, christmas tree.<|endofchunk|>"
../data/test/photo/EXP-1970-05-26-a-i0397.jpg,<image>Keywords describing this image are,photo,"Keywords describing this image are football, goal, goalkeeper, goal, goalkeeper, goalkeeper, goal, goal, goal"
../data/test/photo/IMP-2010-01-14-a-i0019.jpg,<image>Keywords describing this image are,photo,"Keywords describing this image are comic, drawing, game, graph, logo, map, photograph, title, this image is a"
../data/test/photo/JDG-1975-10-18-a-i0186.jpg,<image>Keywords describing this image are,photo,"Keywords describing this image are: Between the classes comic, drawing, game, graph, logo, map, photograph, title,"
../data/test/photo/IMP-1959-03-13-a-i0169.jpg,<image>Keywords describing this image are,photo,"Keywords describing this image are: car, car trunk, car trunk trunk, car trunk trunk trunk, car trunk trunk trunk trunk"
../data/test/photo/IMP-2016-04-04-a-i0034.jpg,<image>Keywords describing this image are,photo,"Keywords describing this image are: election, polling, voting, voting booth, ballot, ballot box, ballot box. Between the"
../data/test/photo/IMP-1938-02-02-a-i0008.jpg,<image>Keywords describing this image are,photo,"Keywords describing this image are: nurse, uniform, uniforme, uniforme de cuisiniere, uniforme de cuisin"
../data/test/photo/IMP-1960-07-16-a-i0064.jpg,<image>Keywords describing this image are,photo,"Keywords describing this image are zoo, giraffe, zoo, zoo, zoo, zoo, zoo, zoo, zoo, zoo"
../data/test/photo/EXP-1931-12-17-a-i0121.jpg,<image>Keywords describing this image are,photo,"Keywords describing this image are cartoon, comic, drawing, game, graph, logo, map, photograph, title, this image"
../data/test/photo/IMP-2013-01-05-a-i0213.jpg,<image>Keywords describing this image are,photo,"Keywords describing this image are comic, drawing, game, graph, logo, map, photograph, title, this image is a"
../data/test/photo/IMP-1913-01-18-a-i0043.jpg,<image>Keywords describing this image are,photo,"Keywords describing this image are: Between the classes comic, drawing, game, graph, logo, map, photograph, title,"
../data/test/photo/JDG-1945-02-16-a-i0075_2.jpg,<image>Keywords describing this image are,photo,"Keywords describing this image are comic, drawing, game, graph, logo, map, photograph, title, this image is a"
../data/test/photo/EXP-1912-07-13-a-i0109.jpg,<image>Keywords describing this image are,photo,"Keywords describing this image are: Between the classes comic, drawing, game, graph, logo, map, photograph, title,"
../data/test/photo/EXP-1990-11-24-a-i0086.jpg,<image>Keywords describing this image are,photo,"Keywords describing this image are: Between the classes comic, drawing, game, graph, logo, map, photograph, title,"
../data/test/photo/JDG-1986-08-16-a-i0178.jpg,<image>Keywords describing this image are,photo,"Keywords describing this image are: construction, construction site, road, road construction, road construction site. Between the classes comic,"
../data/test/photo/EXP-1967-05-05-a-i0062.jpg,<image>Keywords describing this image are,photo,"Keywords describing this image are: Between the classes comic, drawing, game, graph, logo, map, photograph, title,"
../data/test/photo/IMP-1969-10-06-a-i0157.jpg,<image>Keywords describing this image are,photo,"Keywords describing this image are: Between the classes comic, drawing, game, graph, logo, map, photograph, title,"
../data/test/photo/EXP-2000-10-18-a-i0167.jpg,<image>Keywords describing this image are,photo,"Keywords describing this image are drawing, game, graph, logo, map, photograph, title, this image is a title."
../data/test/photo/LCE-1909-06-23-a-i0020.jpg,<image>Keywords describing this image are,photo,"Keywords describing this image are comic, drawing, game, graph, logo, map, photograph, title, this image is a"
../data/test/photo/EXP-1988-06-27-a-i0026.jpg,<image>Keywords describing this image are,photo,"Keywords describing this image are: british, british motorcycling, british motorcycle, british"
../data/test/photo/EXP-1967-08-21-a-i0234.jpg,<image>Keywords describing this image are,photo,"Keywords describing this image are: automobile, automobile racing, car, car racing, car racing, car, car, car,"
../data/test/photo/IMP-1915-05-01-a-i0007.jpg,<image>Keywords describing this image are,photo,"Keywords describing this image are: Between the classes comic, drawing, game, graph, logo, map, photograph, title,"
../data/test/photo/LCE-1989-09-22-a-i0018.jpg,<image>Keywords describing this image are,photo,"Keywords describing this image are: Between the classes comic, drawing, game, graph, logo, map, photograph, title,"
../data/test/photo/EXP-2000-01-31-a-i0255.jpg,<image>Keywords describing this image are,photo,"Keywords describing this image are comic, drawing, game, graph, logo, map, photograph, title, this image is a"
../data/test/photo/EXP-2006-08-03-a-i0195.jpg,<image>Keywords describing this image are,photo,"Keywords describing this image are: between the classes, comic, drawing, game, graph, logo, map, photograph, title"
../data/test/photo/IMP-1941-06-23-a-i0009.jpg,<image>Keywords describing this image are,photo,"Keywords describing this image are Between the classes comic, drawing, game, graph, logo, map, photograph, title, this"
../data/test/photo/EXP-1995-11-24-a-i0048.jpg,<image>Keywords describing this image are,photo,"Keywords describing this image are drawing, game, graph, logo, map, photograph, title, this image is a title."
../data/test/photo/IMP-1977-11-07-a-i0242.jpg,<image>Keywords describing this image are,photo,"Keywords describing this image are comic, drawing, game, graph, logo, map, photograph, title, this image is a"
../data/test/photo/GDL-1984-06-26-a-i0081.jpg,<image>Keywords describing this image are,photo,"Keywords describing this image are football, football match, football game, goal, goalkeeper, goal, goalkeeper goal, goal"
../data/test/photo/IMP-1962-03-23-a-i0300.jpg,<image>Keywords describing this image are,photo,"Keywords describing this image are: Between the classes comic, drawing, game, graph, logo, map, photograph, title,"
../data/test/photo/IMP-1997-08-09-a-i0216.jpg,<image>Keywords describing this image are,photo,"Keywords describing this image are: Between the classes comic, drawing, game, graph, logo, map, photograph, title,"
../data/test/photo/JDG-1943-09-20-a-i0023.jpg,<image>Keywords describing this image are,photo,"Keywords describing this image are: Between the classes comic, drawing, game, graph, logo, map, photograph, title,"
../data/test/photo/GDL-1951-03-09-a-i0008.jpg,<image>Keywords describing this image are,photo,"Keywords describing this image are: Between the classes comic, drawing, game, graph, logo, map, photograph, title,"
../data/test/photo/IMP-1974-11-11-a-i0066.jpg,<image>Keywords describing this image are,photo,"Keywords describing this image are: Between the classes comic, drawing, game, graph, logo, map, photograph, title,"
../data/test/photo/GDL-1958-02-01-a-i0009.jpg,<image>Keywords describing this image are,photo,"Keywords describing this image are drawing, game, graph, logo, map, photograph, title, this image is a title."
../data/test/photo/EXP-1993-11-12-a-i0261.jpg,<image>Keywords describing this image are,photo,"Keywords describing this image are: between the classes, comic, drawing, game, graph, logo, map, photograph, title"
../data/test/photo/IMP-1983-03-10-a-i0177.jpg,<image>Keywords describing this image are,photo,"Keywords describing this image are: Between the classes comic, drawing, game, graph, logo, map, photograph, title,"
../data/test/photo/IMP-2001-10-11-a-i0283.jpg,<image>Keywords describing this image are,photo,"Keywords describing this image are: Between the classes comic, drawing, game, graph, logo, map, photograph, title,"
../data/test/photo/IMP-1944-08-08-a-i0008.jpg,<image>Keywords describing this image are,photo,"Keywords describing this image are: horse, horseback, horseback riding, horseback riding. Between the classes comic, drawing"
../data/test/photo/EXP-1987-08-13-a-i0007.jpg,<image>Keywords describing this image are,photo,"Keywords describing this image are: Between the classes comic, drawing, game, graph, logo, map, photograph, title,"
../data/test/photo/EXP-1961-06-08-a-i0104.jpg,<image>Keywords describing this image are,photo,"Keywords describing this image are: automobile, automobile race, automobile racing, automobile race, automobile race, automobile race, automobile race"
../data/test/photo/IMP-1935-05-23-a-i0005.jpg,<image>Keywords describing this image are,photo,"Keywords describing this image are comic, drawing, game, graph, logo, map, photograph, title, this image is a"
../data/test/photo/IMP-1963-07-24-a-i0171.jpg,<image>Keywords describing this image are,photo,"Keywords describing this image are: between the classes, comic, drawing, game, graph, logo, map, photograph, title"
../data/test/photo/GDL-1928-01-12-a-i0003.jpg,<image>Keywords describing this image are,photo,"Keywords describing this image are: Between the classes comic, drawing, game, graph, logo, map, photograph, title,"
../data/test/photo/IMP-1982-07-02-a-i0242.jpg,<image>Keywords describing this image are,photo,"Keywords describing this image are comic, drawing, game, graph, logo, map, photograph, title, this image is a"
../data/test/photo/LCE-1978-10-27-a-i0067.jpg,<image>Keywords describing this image are,photo,"Keywords describing this image are: Between the classes comic, drawing, game, graph, logo, map, photograph, title,"
../data/test/photo/JDG-1945-02-16-a-i0075.jpg,<image>Keywords describing this image are,photo,"Keywords describing this image are comic, drawing, game, graph, logo, map, photograph, title, this image is a"
../data/test/photo/JDG-1979-11-20-a-i0091.jpg,<image>Keywords describing this image are,photo,"Keywords describing this image are: Between the classes comic, drawing, game, graph, logo, map, photograph, title,"
../data/test/photo/GDL-1991-06-01-a-i0197.jpg,<image>Keywords describing this image are,photo,"Keywords describing this image are: black and white, black and white photography, black and white photography, black and white photography,"
../data/test/photo/IMP-1928-07-27-a-i0003.jpg,<image>Keywords describing this image are,photo,"Keywords describing this image are: Between the classes comic, drawing, game, graph, logo, map, photograph, title,"
../data/test/photo/GDL-1939-10-30-a-i0044.jpg,<image>Keywords describing this image are,photo,"Keywords describing this image are artillery, cannon, gun, gunner, gunnery, gunnery, gun, gun"
../data/test/photo/IMP-1946-09-13-a-i0004.jpg,<image>Keywords describing this image are,photo,"Keywords describing this image are: Between the classes comic, drawing, game, graph, logo, map, photograph, title,"
../data/test/photo/IMP-1966-12-26-a-i0116.jpg,<image>Keywords describing this image are,photo,"Keywords describing this image are: game, graph, logo, map, photograph, title. Between the classes comic, drawing,"
../data/test/photo/EXP-1941-04-19-a-i0003.jpg,<image>Keywords describing this image are,photo,"Keywords describing this image are Between the classes comic, drawing, game, graph, logo, map, photograph, title, this"
../data/test/photo/EXP-1987-01-03-a-i0205.jpg,<image>Keywords describing this image are,photo,"Keywords describing this image are comic, drawing, game, graph, logo, map, photograph, title, this image is a"
../data/test/photo/IMP-1956-01-23-a-i0034.jpg,<image>Keywords describing this image are,photo,"Keywords describing this image are Between the classes comic, drawing, game, graph, logo, map, photograph, title, this"
../data/test/photo/IMP-2012-11-05-a-i0101.jpg,<image>Keywords describing this image are,photo,"Keywords describing this image are: between the classes, comic, drawing, game, graph, logo, map, photograph, title"
../data/test/photo/EXP-2012-06-13-a-i0167.jpg,<image>Keywords describing this image are,photo,"Keywords describing this image are cartoon, cartoonist, cartoonist, cartoonist, cartoonist, cartoonist, cartoonist,"
../data/test/photo/IMP-1966-10-07-a-i0138.jpg,<image>Keywords describing this image are,photo,"Keywords describing this image are football, goal, goalkeeper, goal, goalkeeper, goal, goal, goal, goal,"
../data/test/photo/IMP-2008-03-18-a-i0121.jpg,<image>Keywords describing this image are,photo,"Keywords describing this image are comic, drawing, game, graph, logo, map, photograph, title, this image is a"
../data/test/photo/IMP-1973-02-06-a-i0033.jpg,<image>Keywords describing this image are,photo,"Keywords describing this image are: between the classes, comic, drawing, game, graph, logo, map, photograph, title"
../data/test/photo/EXP-2010-07-14-a-i0108.jpg,<image>Keywords describing this image are,photo,"Keywords describing this image are cartoon, game, logo, map, photograph, title, this image is a title. Between the"
../data/test/photo/IMP-1983-10-28-a-i0354.jpg,<image>Keywords describing this image are,photo,"Keywords describing this image are: Between the classes comic, drawing, game, graph, logo, map, photograph, title,"
../data/test/photo/GDL-1940-07-31-a-i0068.jpg,<image>Keywords describing this image are,photo,"Keywords describing this image are comic, drawing, game, graph, logo, map, photograph, title, this image is a"
../data/test/photo/JDG-1989-11-07-a-i0090.jpg,<image>Keywords describing this image are,photo,"Keywords describing this image are: Between the classes comic, drawing, game, graph, logo, map, photograph, title,"
../data/test/photo/EXP-1946-03-15-a-i0147.jpg,<image>Keywords describing this image are,photo,"Keywords describing this image are: Between the classes comic, drawing, game, graph, logo, map, photograph, title,"
../data/test/photo/EXP-1938-12-12-a-i0119.jpg,<image>Keywords describing this image are,photo,"Keywords describing this image are Between the classes comic, drawing, game, graph, logo, map, photograph, title, this"
../data/test/photo/EXP-1957-05-08-a-i0009.jpg,<image>Keywords describing this image are,photo,"Keywords describing this image are game, graph, logo, map, photograph, title. Between the classes comic, drawing, game"
../data/test/photo/EXP-1950-03-31-a-i0008.jpg,<image>Keywords describing this image are,photo,"Keywords describing this image are: Between the classes comic, drawing, game, graph, logo, map, photograph, title,"
../data/test/photo/EXP-1988-08-20-a-i0138.jpg,<image>Keywords describing this image are,photo,"Keywords describing this image are: Between the classes comic, drawing, game, graph, logo, map, photograph, title,"
../data/test/photo/LCE-1970-03-16-a-i0098.jpg,<image>Keywords describing this image are,photo,"Keywords describing this image are: Between the classes comic, drawing, game, graph, logo, map, photograph, title,"
../data/test/photo/EXP-1937-02-20-a-i0144.jpg,<image>Keywords describing this image are,photo,"Keywords describing this image are comic, drawing, game, graph, logo, map, photograph, title, this image is a"
../data/test/photo/IMP-1940-08-06-a-i0014.jpg,<image>Keywords describing this image are,photo,"Keywords describing this image are: Between the classes comic, drawing, game, graph, logo, map, photograph, title,"
../data/test/photo/EXP-1989-12-22-a-i0227.jpg,<image>Keywords describing this image are,photo,"Keywords describing this image are: hockey, hockey game, hockey game, hockey game, hockey game, hockey game, hockey game"
../data/test/photo/IMP-2008-06-02-a-i0067.jpg,<image>Keywords describing this image are,photo,Keywords describing this image are: : : : : : : : : : : : : : : : : : : :
../data/test/photo/GDL-1927-10-20-a-i0005.jpg,<image>Keywords describing this image are,photo,"Keywords describing this image are comic, drawing, game, graph, logo, map, photograph, title, this image is a"
../data/test/photo/JDG-1982-04-21-a-i0076.jpg,<image>Keywords describing this image are,photo,"Keywords describing this image are: Between the classes comic, drawing, game, graph, logo, map, photograph, title,"
../data/test/photo/IMP-1946-05-06-a-i0008.jpg,<image>Keywords describing this image are,photo,"Keywords describing this image are: Between the classes comic, drawing, game, graph, logo, map, photograph, title,"
../data/test/photo/GDL-1965-11-27-a-i0316.jpg,<image>Keywords describing this image are,photo,"Keywords describing this image are: Between the classes comic, drawing, game, graph, logo, map, photograph, title,"
../data/test/photo/EXP-1958-06-30-a-i0012.jpg,<image>Keywords describing this image are,photo,"Keywords describing this image are: Air France, Airbus, Airbus A300, Airbus A310, Airbus A"
../data/test/photo/EXP-1940-11-05-a-i0011.jpg,<image>Keywords describing this image are,photo,"Keywords describing this image are Bust, Statue, Sculpture, Sculptor, Sculptures, Sculpt"
../data/test/photo/EXP-1994-08-23-a-i0129.jpg,<image>Keywords describing this image are,photo,"Keywords describing this image are cartoon, comic, drawing, game, graph, logo, map, photograph, title, this image"
../data/test/photo/IMP-1965-12-30-a-i0057.jpg,<image>Keywords describing this image are,photo,"Keywords describing this image are drawing, game, graph, logo, map, photograph, title, this image is a title."
../data/test/photo/JDG-1958-01-11-a-i0079.jpg,<image>Keywords describing this image are,photo,"Keywords describing this image are: india, maharajah, maharani, maharani of india,"
../data/test/photo/EXP-1977-07-23-a-i0116.jpg,<image>Keywords describing this image are,photo,"Keywords describing this image are: Between the classes comic, drawing, game, graph, logo, map, photograph, title,"
../data/test/photo/IMP-2013-04-30-a-i0141.jpg,<image>Keywords describing this image are,photo,"Keywords describing this image are comic, drawing, game, graph, logo, map, photograph, title, this image is a"
../data/test/photo/IMP-1999-05-27-a-i0288.jpg,<image>Keywords describing this image are,photo,"Keywords describing this image are comic, drawing, game, graph, logo, map, photograph, title, this image is a"
../data/test/photo/IMP-1980-11-07-a-i0383.jpg,<image>Keywords describing this image are,photo,"Keywords describing this image are: rugby, rugby union, rugby league, rugby union, rugby league, rugby union, rugby union"
../data/test/photo/IMP-2004-09-04-a-i0354.jpg,<image>Keywords describing this image are,photo,"Keywords describing this image are comic, drawing, game, graph, logo, map, photograph, title, this image is a"
../data/test/photo/IMP-1949-04-14-a-i0055.jpg,<image>Keywords describing this image are,photo,"Keywords describing this image are: Between the classes comic, drawing, game, graph, logo, map, photograph, title,"
../data/test/photo/IMP-2016-04-07-a-i0034.jpg,<image>Keywords describing this image are,photo,"Keywords describing this image are cartoon, comic, drawing, game, graph, logo, map, photograph, title, this image"
../data/test/photo/IMP-1914-05-30-a-i0005.jpg,<image>Keywords describing this image are,photo,"Keywords describing this image are: Between the classes comic, drawing, game, graph, logo, map, photograph, title,"
../data/test/photo/IMP-1929-08-23-a-i0002.jpg,<image>Keywords describing this image are,photo,"Keywords describing this image are: Between the classes comic, drawing, game, graph, logo, map, photograph, title,"
../data/test/photo/JDG-1937-11-21-a-i0098.jpg,<image>Keywords describing this image are,photo,"Keywords describing this image are: Between the classes comic, drawing, game, graph, logo, map, photograph, title,"
../data/test/photo/EXP-1936-06-20-a-i0103.jpg,<image>Keywords describing this image are,photo,"Keywords describing this image are Between the classes comic, drawing, game, graph, logo, map, photograph, title, this"
../data/test/photo/GDL-1979-05-08-a-i0045.jpg,<image>Keywords describing this image are,photo,"Keywords describing this image are: Between the classes comic, drawing, game, graph, logo, map, photograph, title,"
../data/test/photo/EXP-1953-08-18-a-i0007.jpg,<image>Keywords describing this image are,photo,"Keywords describing this image are comic, drawing, game, graph, logo, map, photograph, title, this image is a"
../data/test/photo/EXP-1929-08-09-a-i0096.jpg,<image>Keywords describing this image are,photo,"Keywords describing this image are: Between the classes comic, drawing, game, graph, logo, map, photograph, title,"
../data/test/photo/EXP-2004-11-04-a-i0200.jpg,<image>Keywords describing this image are,photo,"Keywords describing this image are comic, drawing, game, graph, logo, map, photograph, title, this image is a"
../data/test/photo/IMP-2015-08-22-a-i0196.jpg,<image>Keywords describing this image are,photo,"Keywords describing this image are comic, drawing, game, graph, logo, map, photograph, title, this image is a"
../data/test/photo/EXP-2002-02-14-a-i0206.jpg,<image>Keywords describing this image are,photo,"Keywords describing this image are: ""Between the classes comic, drawing, game, graph, logo, map, photograph, title"
../data/test/photo/EXP-1938-06-07-a-i0066.jpg,<image>Keywords describing this image are,photo,"Keywords describing this image are: football, rugby, rugby union, rugby league, rugby union, rugby league, rugby union,"
../data/test/photo/IMP-2015-06-23-a-i0053.jpg,<image>Keywords describing this image are,photo,"Keywords describing this image are: baby, doll, dolls, dolls, dolls, dolls, dolls,"
../data/test/photo/IMP-1966-12-10-a-i0326.jpg,<image>Keywords describing this image are,photo,"Keywords describing this image are: between the classes, comic, drawing, game, graph, logo, map, photograph, title"
../data/test/photo/IMP-1953-12-23-a-i0123.jpg,<image>Keywords describing this image are,photo,"Keywords describing this image are horse, race, racing, racehorse, racehorse. Between the classes comic, drawing, game"
../data/test/photo/EXP-1982-07-29-a-i0138.jpg,<image>Keywords describing this image are,photo,"Keywords describing this image are football, goal, goalkeeper, goal, goalkeeper, goal, goal, goal, goal,"
../data/test/photo/IMP-1943-02-06-a-i0003_2.jpg,<image>Keywords describing this image are,photo,"Keywords describing this image are: Between the classes comic, drawing, game, graph, logo, map, photograph, title,"
../data/test/photo/IMP-1996-09-21-a-i0207.jpg,<image>Keywords describing this image are,photo,"Keywords describing this image are: Between the classes comic, drawing, game, graph, logo, map, photograph, title,"
../data/test/photo/GDL-1980-05-08-a-i0114.jpg,<image>Keywords describing this image are,photo,"Keywords describing this image are: Between the classes comic, drawing, game, graph, logo, map, photograph, title,"
../data/test/photo/IMP-1940-06-22-a-i0008.jpg,<image>Keywords describing this image are,photo,"Keywords describing this image are King of Barbuda, King of Barbuda, King of Barbuda, King of Barbuda,"
../data/test/photo/EXP-2008-06-21-a-i0182.jpg,<image>Keywords describing this image are,photo,"Keywords describing this image are: football, football player, Cristiano Ronaldo, Portugal, football player, Cristiano R"
../data/test/photo/IMP-1990-10-02-a-i0036.jpg,<image>Keywords describing this image are,photo,"Keywords describing this image are: carte postale, carte postale, carte postale, carte postale"
../data/test/photo/IMP-1940-02-08-a-i0008.jpg,<image>Keywords describing this image are,photo,"Keywords describing this image are Between the classes comic, drawing, game, graph, logo, map, photograph, title, this"
../data/test/photo/EXP-2012-03-20-a-i0180.jpg,<image>Keywords describing this image are,photo,"Keywords describing this image are: , , , , , , , , , "
../data/test/photo/IMP-1998-07-13-a-i0062.jpg,<image>Keywords describing this image are,photo,"Keywords describing this image are: ""La Poste"", ""Le Poste"", ""La Poste"", ""Poste"","
../data/test/photo/IMP-1972-04-20-a-i0026.jpg,<image>Keywords describing this image are,photo,"Keywords describing this image are comic, drawing, game, graph, logo, map, photograph, title, this image is a"
../data/test/photo/GDL-1982-03-17-a-i0121.jpg,<image>Keywords describing this image are,photo,"Keywords describing this image are cartoon, drawing, game, graph, logo, map, photograph, title, this image is a"
../data/test/photo/IMP-1949-03-03-a-i0063.jpg,<image>Keywords describing this image are,photo,"Keywords describing this image are: Between the classes comic, drawing, game, graph, logo, map, photograph, title,"
../data/test/photo/EXP-1988-12-22-a-i0069.jpg,<image>Keywords describing this image are,photo,"Keywords describing this image are: Between the classes comic, drawing, game, graph, logo, map, photograph, title,"
../data/test/photo/IMP-2012-05-18-a-i0083.jpg,<image>Keywords describing this image are,photo,"Keywords describing this image are: Renault, Clio, car, white. Between the classes comic, drawing, game,"
../data/test/photo/EXP-2017-04-22-a-i0197.jpg,<image>Keywords describing this image are,photo,"Keywords describing this image are: between the classes, comic, drawing, game, graph, logo, map, photograph, title"
../data/test/photo/EXP-1968-12-12-a-i0341.jpg,<image>Keywords describing this image are,photo,"Keywords describing this image are car, driver, helmet, race, racing, speed, speedway, sports, sportsman,"
../data/test/photo/EXP-1932-04-08-a-i0060.jpg,<image>Keywords describing this image are,photo,"Keywords describing this image are comic, drawing, game, graph, logo, map, photograph, title, this image is a"
../data/test/photo/LCE-1970-07-28-a-i0070.jpg,<image>Keywords describing this image are,photo,"Keywords describing this image are: Between the classes comic, drawing, game, graph, logo, map, photograph, title,"
../data/test/photo/EXP-1995-06-24-a-i0240.jpg,<image>Keywords describing this image are,photo,"Keywords describing this image are: bicycle, cyclist, cyclist, cyclist, cyclist, cyclist, cyclist"
../data/test/photo/EXP-1972-07-26-a-i0286.jpg,<image>Keywords describing this image are,photo,"Keywords describing this image are drawing, game, graph, logo, map, photograph, title, this image is a title."
../data/test/photo/EXP-1991-06-10-a-i0093.jpg,<image>Keywords describing this image are,photo,"Keywords describing this image are: 'Between the classes' comic, drawing, game, graph, logo, map, photograph,"
../data/test/photo/IMP-1967-04-21-a-i0279.jpg,<image>Keywords describing this image are,photo,"Keywords describing this image are: Between the classes comic, drawing, game, graph, logo, map, photograph, title,"
../data/test/photo/LCE-1983-10-04-a-i0034.jpg,<image>Keywords describing this image are,photo,"Keywords describing this image are comic, drawing, game, graph, logo, map, photograph, title, this image is a"
../data/test/photo/IMP-1999-12-31-a-i0037.jpg,<image>Keywords describing this image are,photo,"Keywords describing this image are: snow, skier, snowboarder, skiing, winter, winter sports. Between the classes"
../data/test/photo/IMP-1974-11-29-a-i0092.jpg,<image>Keywords describing this image are,photo,"Keywords describing this image are: construction, railway, tunnel, railway, tunnel, railway, tunnel, railway, tunnel, railway"
../data/test/photo/EXP-1969-10-17-a-i0065.jpg,<image>Keywords describing this image are,photo,"Keywords describing this image are: between the classes, comic, drawing, game, graph, logo, map, photograph, title"
../data/test/photo/IMP-1968-08-09-a-i0158.jpg,<image>Keywords describing this image are,photo,"Keywords describing this image are: Between the classes comic, drawing, game, graph, logo, map, photograph, title,"
../data/test/photo/EXP-1913-03-10-a-i0089.jpg,<image>Keywords describing this image are,photo,"Keywords describing this image are: Between the classes comic, drawing, game, graph, logo, map, photograph, title,"
../data/test/photo/IMP-1963-09-05-a-i0007.jpg,<image>Keywords describing this image are,photo,"Keywords describing this image are Between the classes comic, drawing, game, graph, logo, map, photograph, title, this"
../data/test/photo/IMP-2008-09-16-a-i0309.jpg,<image>Keywords describing this image are,photo,"Keywords describing this image are: football, soccer, goal, goalkeeper, goal, goal, goalkeeper, goal, goal"
../data/test/photo/IMP-2008-11-18-a-i0067.jpg,<image>Keywords describing this image are,photo,"Keywords describing this image are: Between the classes comic, drawing, game, graph, logo, map, photograph, title,"
../data/test/photo/EXP-2016-09-17-a-i0140.jpg,<image>Keywords describing this image are,photo,"Keywords describing this image are: between the classes, comic, drawing, game, graph, logo, map, photograph, title"
../data/test/photo/GDL-1982-12-02-a-i0053.jpg,<image>Keywords describing this image are,photo,"Keywords describing this image are: medical equipment, x-ray, radiology, radiology equipment, x-ray machine,"
../data/test/photo/IMP-2017-12-23-a-i0248.jpg,<image>Keywords describing this image are,photo,"Keywords describing this image are: Between the classes comic, drawing, game, graph, logo, map, photograph, title,"
